year,indicator_id,indicator_name,value,unit,source,source_variable,lower,upper,notes,indicator
2000,estimated_tbhiv_death_rate,Estimated HIV-associated TB mortality rate,142.0,"per 100,000 population",WHO Global TB Database: burden estimates,e_mort_tbhiv_100k,,,,estimated_tbhiv_death_rate
2001,estimated_tbhiv_death_rate,Estimated HIV-associated TB mortality rate,143.0,"per 100,000 population",WHO Global TB Database: burden estimates,e_mort_tbhiv_100k,,,,estimated_tbhiv_death_rate
2002,estimated_tbhiv_death_rate,Estimated HIV-associated TB mortality rate,141.0,"per 100,000 population",WHO Global TB Database: burden estimates,e_mort_tbhiv_100k,,,,estimated_tbhiv_death_rate
2003,estimated_tbhiv_death_rate,Estimated HIV-associated TB mortality rate,153.0,"per 100,000 population",WHO Global TB Database: burden estimates,e_mort_tbhiv_100k,,,,estimated_tbhiv_death_rate
2004,estimated_tbhiv_death_rate,Estimated HIV-associated TB mortality rate,153.0,"per 100,000 population",WHO Global TB Database: burden estimates,e_mort_tbhiv_100k,,,,estimated_tbhiv_death_rate
2005,estimated_tbhiv_death_rate,Estimated HIV-associated TB mortality rate,151.0,"per 100,000 population",WHO Global TB Database: burden estimates,e_mort_tbhiv_100k,,,,estimated_tbhiv_death_rate
2006,estimated_tbhiv_death_rate,Estimated HIV-associated TB mortality rate,157.0,"per 100,000 population",WHO Global TB Database: burden estimates,e_mort_tbhiv_100k,,,,estimated_tbhiv_death_rate
2007,estimated_tbhiv_death_rate,Estimated HIV-associated TB mortality rate,138.0,"per 100,000 population",WHO Global TB Database: burden estimates,e_mort_tbhiv_100k,,,,estimated_tbhiv_death_rate
2008,estimated_tbhiv_death_rate,Estimated HIV-associated TB mortality rate,119.0,"per 100,000 population",WHO Global TB Database: burden estimates,e_mort_tbhiv_100k,,,,estimated_tbhiv_death_rate
2009,estimated_tbhiv_death_rate,Estimated HIV-associated TB mortality rate,117.0,"per 100,000 population",WHO Global TB Database: burden estimates,e_mort_tbhiv_100k,,,,estimated_tbhiv_death_rate
2010,estimated_tbhiv_death_rate,Estimated HIV-associated TB mortality rate,102.0,"per 100,000 population",WHO Global TB Database: burden estimates,e_mort_tbhiv_100k,,,,estimated_tbhiv_death_rate
2011,estimated_tbhiv_death_rate,Estimated HIV-associated TB mortality rate,93.0,"per 100,000 population",WHO Global TB Database: burden estimates,e_mort_tbhiv_100k,,,,estimated_tbhiv_death_rate
2012,estimated_tbhiv_death_rate,Estimated HIV-associated TB mortality rate,84.0,"per 100,000 population",WHO Global TB Database: burden estimates,e_mort_tbhiv_100k,,,,estimated_tbhiv_death_rate
2013,estimated_tbhiv_death_rate,Estimated HIV-associated TB mortality rate,78.0,"per 100,000 population",WHO Global TB Database: burden estimates,e_mort_tbhiv_100k,,,,estimated_tbhiv_death_rate
2014,estimated_tbhiv_death_rate,Estimated HIV-associated TB mortality rate,70.0,"per 100,000 population",WHO Global TB Database: burden estimates,e_mort_tbhiv_100k,,,,estimated_tbhiv_death_rate
2015,estimated_tbhiv_death_rate,Estimated HIV-associated TB mortality rate,59.0,"per 100,000 population",WHO Global TB Database: burden estimates,e_mort_tbhiv_100k,,,,estimated_tbhiv_death_rate
2016,estimated_tbhiv_death_rate,Estimated HIV-associated TB mortality rate,51.0,"per 100,000 population",WHO Global TB Database: burden estimates,e_mort_tbhiv_100k,,,,estimated_tbhiv_death_rate
2017,estimated_tbhiv_death_rate,Estimated HIV-associated TB mortality rate,38.0,"per 100,000 population",WHO Global TB Database: burden estimates,e_mort_tbhiv_100k,,,,estimated_tbhiv_death_rate
2018,estimated_tbhiv_death_rate,Estimated HIV-associated TB mortality rate,26.0,"per 100,000 population",WHO Global TB Database: burden estimates,e_mort_tbhiv_100k,,,,estimated_tbhiv_death_rate
2019,estimated_tbhiv_death_rate,Estimated HIV-associated TB mortality rate,25.0,"per 100,000 population",WHO Global TB Database: burden estimates,e_mort_tbhiv_100k,,,,estimated_tbhiv_death_rate
2020,estimated_tbhiv_death_rate,Estimated HIV-associated TB mortality rate,22.0,"per 100,000 population",WHO Global TB Database: burden estimates,e_mort_tbhiv_100k,,,,estimated_tbhiv_death_rate
2021,estimated_tbhiv_death_rate,Estimated HIV-associated TB mortality rate,22.0,"per 100,000 population",WHO Global TB Database: burden estimates,e_mort_tbhiv_100k,,,,estimated_tbhiv_death_rate
2022,estimated_tbhiv_death_rate,Estimated HIV-associated TB mortality rate,17.0,"per 100,000 population",WHO Global TB Database: burden estimates,e_mort_tbhiv_100k,,,,estimated_tbhiv_death_rate
2023,estimated_tbhiv_death_rate,Estimated HIV-associated TB mortality rate,14.0,"per 100,000 population",WHO Global TB Database: burden estimates,e_mort_tbhiv_100k,,,,estimated_tbhiv_death_rate
2024,estimated_tbhiv_death_rate,Estimated HIV-associated TB mortality rate,14.0,"per 100,000 population",WHO Global TB Database: burden estimates,e_mort_tbhiv_100k,,,,estimated_tbhiv_death_rate
2000,estimated_tbhiv_deaths_num,Estimated HIV-associated TB deaths,44000.0,deaths,WHO Global TB Database: burden estimates,e_mort_tbhiv_num,,,,estimated_tbhiv_deaths_num
2001,estimated_tbhiv_deaths_num,Estimated HIV-associated TB deaths,45000.0,deaths,WHO Global TB Database: burden estimates,e_mort_tbhiv_num,,,,estimated_tbhiv_deaths_num
2002,estimated_tbhiv_deaths_num,Estimated HIV-associated TB deaths,46000.0,deaths,WHO Global TB Database: burden estimates,e_mort_tbhiv_num,,,,estimated_tbhiv_deaths_num
2003,estimated_tbhiv_deaths_num,Estimated HIV-associated TB deaths,51000.0,deaths,WHO Global TB Database: burden estimates,e_mort_tbhiv_num,,,,estimated_tbhiv_deaths_num
2004,estimated_tbhiv_deaths_num,Estimated HIV-associated TB deaths,53000.0,deaths,WHO Global TB Database: burden estimates,e_mort_tbhiv_num,,,,estimated_tbhiv_deaths_num
2005,estimated_tbhiv_deaths_num,Estimated HIV-associated TB deaths,54000.0,deaths,WHO Global TB Database: burden estimates,e_mort_tbhiv_num,,,,estimated_tbhiv_deaths_num
2006,estimated_tbhiv_deaths_num,Estimated HIV-associated TB deaths,58000.0,deaths,WHO Global TB Database: burden estimates,e_mort_tbhiv_num,,,,estimated_tbhiv_deaths_num
2007,estimated_tbhiv_deaths_num,Estimated HIV-associated TB deaths,53000.0,deaths,WHO Global TB Database: burden estimates,e_mort_tbhiv_num,,,,estimated_tbhiv_deaths_num
2008,estimated_tbhiv_deaths_num,Estimated HIV-associated TB deaths,47000.0,deaths,WHO Global TB Database: burden estimates,e_mort_tbhiv_num,,,,estimated_tbhiv_deaths_num
2009,estimated_tbhiv_deaths_num,Estimated HIV-associated TB deaths,47000.0,deaths,WHO Global TB Database: burden estimates,e_mort_tbhiv_num,,,,estimated_tbhiv_deaths_num
2010,estimated_tbhiv_deaths_num,Estimated HIV-associated TB deaths,43000.0,deaths,WHO Global TB Database: burden estimates,e_mort_tbhiv_num,,,,estimated_tbhiv_deaths_num
2011,estimated_tbhiv_deaths_num,Estimated HIV-associated TB deaths,40000.0,deaths,WHO Global TB Database: burden estimates,e_mort_tbhiv_num,,,,estimated_tbhiv_deaths_num
2012,estimated_tbhiv_deaths_num,Estimated HIV-associated TB deaths,37000.0,deaths,WHO Global TB Database: burden estimates,e_mort_tbhiv_num,,,,estimated_tbhiv_deaths_num
2013,estimated_tbhiv_deaths_num,Estimated HIV-associated TB deaths,35000.0,deaths,WHO Global TB Database: burden estimates,e_mort_tbhiv_num,,,,estimated_tbhiv_deaths_num
2014,estimated_tbhiv_deaths_num,Estimated HIV-associated TB deaths,32000.0,deaths,WHO Global TB Database: burden estimates,e_mort_tbhiv_num,,,,estimated_tbhiv_deaths_num
2015,estimated_tbhiv_deaths_num,Estimated HIV-associated TB deaths,28000.0,deaths,WHO Global TB Database: burden estimates,e_mort_tbhiv_num,,,,estimated_tbhiv_deaths_num
2016,estimated_tbhiv_deaths_num,Estimated HIV-associated TB deaths,24000.0,deaths,WHO Global TB Database: burden estimates,e_mort_tbhiv_num,,,,estimated_tbhiv_deaths_num
2017,estimated_tbhiv_deaths_num,Estimated HIV-associated TB deaths,18000.0,deaths,WHO Global TB Database: burden estimates,e_mort_tbhiv_num,,,,estimated_tbhiv_deaths_num
2018,estimated_tbhiv_deaths_num,Estimated HIV-associated TB deaths,13000.0,deaths,WHO Global TB Database: burden estimates,e_mort_tbhiv_num,,,,estimated_tbhiv_deaths_num
2019,estimated_tbhiv_deaths_num,Estimated HIV-associated TB deaths,13000.0,deaths,WHO Global TB Database: burden estimates,e_mort_tbhiv_num,,,,estimated_tbhiv_deaths_num
2020,estimated_tbhiv_deaths_num,Estimated HIV-associated TB deaths,12000.0,deaths,WHO Global TB Database: burden estimates,e_mort_tbhiv_num,,,,estimated_tbhiv_deaths_num
2021,estimated_tbhiv_deaths_num,Estimated HIV-associated TB deaths,12000.0,deaths,WHO Global TB Database: burden estimates,e_mort_tbhiv_num,,,,estimated_tbhiv_deaths_num
2022,estimated_tbhiv_deaths_num,Estimated HIV-associated TB deaths,9100.0,deaths,WHO Global TB Database: burden estimates,e_mort_tbhiv_num,,,,estimated_tbhiv_deaths_num
2023,estimated_tbhiv_deaths_num,Estimated HIV-associated TB deaths,7700.0,deaths,WHO Global TB Database: burden estimates,e_mort_tbhiv_num,,,,estimated_tbhiv_deaths_num
2024,estimated_tbhiv_deaths_num,Estimated HIV-associated TB deaths,8000.0,deaths,WHO Global TB Database: burden estimates,e_mort_tbhiv_num,,,,estimated_tbhiv_deaths_num
2000,estimated_tbhiv_incidence_num,Estimated HIV-associated TB incidence,95000.0,people,WHO Global TB Database: burden estimates,e_inc_tbhiv_num,,,,estimated_tbhiv_incidence_num
2001,estimated_tbhiv_incidence_num,Estimated HIV-associated TB incidence,98000.0,people,WHO Global TB Database: burden estimates,e_inc_tbhiv_num,,,,estimated_tbhiv_incidence_num
2002,estimated_tbhiv_incidence_num,Estimated HIV-associated TB incidence,100000.0,people,WHO Global TB Database: burden estimates,e_inc_tbhiv_num,,,,estimated_tbhiv_incidence_num
2003,estimated_tbhiv_incidence_num,Estimated HIV-associated TB incidence,111000.0,people,WHO Global TB Database: burden estimates,e_inc_tbhiv_num,,,,estimated_tbhiv_incidence_num
2004,estimated_tbhiv_incidence_num,Estimated HIV-associated TB incidence,114000.0,people,WHO Global TB Database: burden estimates,e_inc_tbhiv_num,,,,estimated_tbhiv_incidence_num
2005,estimated_tbhiv_incidence_num,Estimated HIV-associated TB incidence,116000.0,people,WHO Global TB Database: burden estimates,e_inc_tbhiv_num,,,,estimated_tbhiv_incidence_num
2006,estimated_tbhiv_incidence_num,Estimated HIV-associated TB incidence,124000.0,people,WHO Global TB Database: burden estimates,e_inc_tbhiv_num,,,,estimated_tbhiv_incidence_num
2007,estimated_tbhiv_incidence_num,Estimated HIV-associated TB incidence,112000.0,people,WHO Global TB Database: burden estimates,e_inc_tbhiv_num,,,,estimated_tbhiv_incidence_num
2008,estimated_tbhiv_incidence_num,Estimated HIV-associated TB incidence,100000.0,people,WHO Global TB Database: burden estimates,e_inc_tbhiv_num,,,,estimated_tbhiv_incidence_num
2009,estimated_tbhiv_incidence_num,Estimated HIV-associated TB incidence,101000.0,people,WHO Global TB Database: burden estimates,e_inc_tbhiv_num,,,,estimated_tbhiv_incidence_num
2010,estimated_tbhiv_incidence_num,Estimated HIV-associated TB incidence,91000.0,people,WHO Global TB Database: burden estimates,e_inc_tbhiv_num,,,,estimated_tbhiv_incidence_num
2011,estimated_tbhiv_incidence_num,Estimated HIV-associated TB incidence,85000.0,people,WHO Global TB Database: burden estimates,e_inc_tbhiv_num,,,,estimated_tbhiv_incidence_num
2012,estimated_tbhiv_incidence_num,Estimated HIV-associated TB incidence,79000.0,people,WHO Global TB Database: burden estimates,e_inc_tbhiv_num,,,,estimated_tbhiv_incidence_num
2013,estimated_tbhiv_incidence_num,Estimated HIV-associated TB incidence,75000.0,people,WHO Global TB Database: burden estimates,e_inc_tbhiv_num,,,,estimated_tbhiv_incidence_num
2014,estimated_tbhiv_incidence_num,Estimated HIV-associated TB incidence,69000.0,people,WHO Global TB Database: burden estimates,e_inc_tbhiv_num,,,,estimated_tbhiv_incidence_num
2015,estimated_tbhiv_incidence_num,Estimated HIV-associated TB incidence,60000.0,people,WHO Global TB Database: burden estimates,e_inc_tbhiv_num,,,,estimated_tbhiv_incidence_num
2016,estimated_tbhiv_incidence_num,Estimated HIV-associated TB incidence,53000.0,people,WHO Global TB Database: burden estimates,e_inc_tbhiv_num,,,,estimated_tbhiv_incidence_num
2017,estimated_tbhiv_incidence_num,Estimated HIV-associated TB incidence,45000.0,people,WHO Global TB Database: burden estimates,e_inc_tbhiv_num,,,,estimated_tbhiv_incidence_num
2018,estimated_tbhiv_incidence_num,Estimated HIV-associated TB incidence,40000.0,people,WHO Global TB Database: burden estimates,e_inc_tbhiv_num,,,,estimated_tbhiv_incidence_num
2019,estimated_tbhiv_incidence_num,Estimated HIV-associated TB incidence,36000.0,people,WHO Global TB Database: burden estimates,e_inc_tbhiv_num,,,,estimated_tbhiv_incidence_num
2020,estimated_tbhiv_incidence_num,Estimated HIV-associated TB incidence,32000.0,people,WHO Global TB Database: burden estimates,e_inc_tbhiv_num,,,,estimated_tbhiv_incidence_num
2021,estimated_tbhiv_incidence_num,Estimated HIV-associated TB incidence,32000.0,people,WHO Global TB Database: burden estimates,e_inc_tbhiv_num,,,,estimated_tbhiv_incidence_num
2022,estimated_tbhiv_incidence_num,Estimated HIV-associated TB incidence,29000.0,people,WHO Global TB Database: burden estimates,e_inc_tbhiv_num,,,,estimated_tbhiv_incidence_num
2023,estimated_tbhiv_incidence_num,Estimated HIV-associated TB incidence,25000.0,people,WHO Global TB Database: burden estimates,e_inc_tbhiv_num,,,,estimated_tbhiv_incidence_num
2024,estimated_tbhiv_incidence_num,Estimated HIV-associated TB incidence,25000.0,people,WHO Global TB Database: burden estimates,e_inc_tbhiv_num,,,,estimated_tbhiv_incidence_num
2000,estimated_tbhiv_incidence_rate,Estimated HIV-associated TB incidence rate,309.0,"per 100,000 population",WHO Global TB Database: burden estimates,e_inc_tbhiv_100k,,,,estimated_tbhiv_incidence_rate
2001,estimated_tbhiv_incidence_rate,Estimated HIV-associated TB incidence rate,310.0,"per 100,000 population",WHO Global TB Database: burden estimates,e_inc_tbhiv_100k,,,,estimated_tbhiv_incidence_rate
2002,estimated_tbhiv_incidence_rate,Estimated HIV-associated TB incidence rate,306.0,"per 100,000 population",WHO Global TB Database: burden estimates,e_inc_tbhiv_100k,,,,estimated_tbhiv_incidence_rate
2003,estimated_tbhiv_incidence_rate,Estimated HIV-associated TB incidence rate,329.0,"per 100,000 population",WHO Global TB Database: burden estimates,e_inc_tbhiv_100k,,,,estimated_tbhiv_incidence_rate
2004,estimated_tbhiv_incidence_rate,Estimated HIV-associated TB incidence rate,329.0,"per 100,000 population",WHO Global TB Database: burden estimates,e_inc_tbhiv_100k,,,,estimated_tbhiv_incidence_rate
2005,estimated_tbhiv_incidence_rate,Estimated HIV-associated TB incidence rate,325.0,"per 100,000 population",WHO Global TB Database: burden estimates,e_inc_tbhiv_100k,,,,estimated_tbhiv_incidence_rate
2006,estimated_tbhiv_incidence_rate,Estimated HIV-associated TB incidence rate,337.0,"per 100,000 population",WHO Global TB Database: burden estimates,e_inc_tbhiv_100k,,,,estimated_tbhiv_incidence_rate
2007,estimated_tbhiv_incidence_rate,Estimated HIV-associated TB incidence rate,296.0,"per 100,000 population",WHO Global TB Database: burden estimates,e_inc_tbhiv_100k,,,,estimated_tbhiv_incidence_rate
2008,estimated_tbhiv_incidence_rate,Estimated HIV-associated TB incidence rate,254.0,"per 100,000 population",WHO Global TB Database: burden estimates,e_inc_tbhiv_100k,,,,estimated_tbhiv_incidence_rate
2009,estimated_tbhiv_incidence_rate,Estimated HIV-associated TB incidence rate,249.0,"per 100,000 population",WHO Global TB Database: burden estimates,e_inc_tbhiv_100k,,,,estimated_tbhiv_incidence_rate
2010,estimated_tbhiv_incidence_rate,Estimated HIV-associated TB incidence rate,218.0,"per 100,000 population",WHO Global TB Database: burden estimates,e_inc_tbhiv_100k,,,,estimated_tbhiv_incidence_rate
2011,estimated_tbhiv_incidence_rate,Estimated HIV-associated TB incidence rate,199.0,"per 100,000 population",WHO Global TB Database: burden estimates,e_inc_tbhiv_100k,,,,estimated_tbhiv_incidence_rate
2012,estimated_tbhiv_incidence_rate,Estimated HIV-associated TB incidence rate,179.0,"per 100,000 population",WHO Global TB Database: burden estimates,e_inc_tbhiv_100k,,,,estimated_tbhiv_incidence_rate
2013,estimated_tbhiv_incidence_rate,Estimated HIV-associated TB incidence rate,166.0,"per 100,000 population",WHO Global TB Database: burden estimates,e_inc_tbhiv_100k,,,,estimated_tbhiv_incidence_rate
2014,estimated_tbhiv_incidence_rate,Estimated HIV-associated TB incidence rate,150.0,"per 100,000 population",WHO Global TB Database: burden estimates,e_inc_tbhiv_100k,,,,estimated_tbhiv_incidence_rate
2015,estimated_tbhiv_incidence_rate,Estimated HIV-associated TB incidence rate,126.0,"per 100,000 population",WHO Global TB Database: burden estimates,e_inc_tbhiv_100k,,,,estimated_tbhiv_incidence_rate
2016,estimated_tbhiv_incidence_rate,Estimated HIV-associated TB incidence rate,109.0,"per 100,000 population",WHO Global TB Database: burden estimates,e_inc_tbhiv_100k,,,,estimated_tbhiv_incidence_rate
2017,estimated_tbhiv_incidence_rate,Estimated HIV-associated TB incidence rate,91.0,"per 100,000 population",WHO Global TB Database: burden estimates,e_inc_tbhiv_100k,,,,estimated_tbhiv_incidence_rate
2018,estimated_tbhiv_incidence_rate,Estimated HIV-associated TB incidence rate,79.0,"per 100,000 population",WHO Global TB Database: burden estimates,e_inc_tbhiv_100k,,,,estimated_tbhiv_incidence_rate
2019,estimated_tbhiv_incidence_rate,Estimated HIV-associated TB incidence rate,70.0,"per 100,000 population",WHO Global TB Database: burden estimates,e_inc_tbhiv_100k,,,,estimated_tbhiv_incidence_rate
2020,estimated_tbhiv_incidence_rate,Estimated HIV-associated TB incidence rate,62.0,"per 100,000 population",WHO Global TB Database: burden estimates,e_inc_tbhiv_100k,,,,estimated_tbhiv_incidence_rate
2021,estimated_tbhiv_incidence_rate,Estimated HIV-associated TB incidence rate,60.0,"per 100,000 population",WHO Global TB Database: burden estimates,e_inc_tbhiv_100k,,,,estimated_tbhiv_incidence_rate
2022,estimated_tbhiv_incidence_rate,Estimated HIV-associated TB incidence rate,54.0,"per 100,000 population",WHO Global TB Database: burden estimates,e_inc_tbhiv_100k,,,,estimated_tbhiv_incidence_rate
2023,estimated_tbhiv_incidence_rate,Estimated HIV-associated TB incidence rate,46.0,"per 100,000 population",WHO Global TB Database: burden estimates,e_inc_tbhiv_100k,,,,estimated_tbhiv_incidence_rate
2024,estimated_tbhiv_incidence_rate,Estimated HIV-associated TB incidence rate,44.0,"per 100,000 population",WHO Global TB Database: burden estimates,e_inc_tbhiv_100k,,,,estimated_tbhiv_incidence_rate
