"Population by Sex, Households, Land Area, Density by Sub-county",,,,,,,,,,
,,,,,,,,,,
Sub County,,Sex*,,,Households,,Land Area ,Density ,,*please refer to the Metadata sheet
,Total,Male,Female,Total,Conventional,Group quarters,Sq. Km,Persons Per Sq. Km,,
KENYA,47564296,23548056,24014716,12143913,12043016,100897,580895.36363,81.88100470069506,,
    MOMBASA,1208333,610257,598046,378422,376295,2127,219.89648,5495.008378487914,,
        CHANGAMWE,131882,68761,63121,46614,46439,175,17.68565,7457.006103818633,,
        JOMVU,163415,83002,80410,53472,53214,258,36.87009,4432.18337682387,,
        KISAUNI,291930,146748,145176,88202,88159,43,87.71644,3328.110443150679,,
        LIKONI,250358,126962,123392,81191,80002,1189,40.46363,6187.235302418492,,
        MVITA,154171,75565,78601,38995,38710,285,14.62293,10543.099091632115,,
        NYALI,216577,109219,107346,69948,69771,177,22.53775,9609.521802309459,,
    KWALE,866820,425121,441681,173176,172802,374,8253.65541,105.02255751430748,,
        KINANGO,94220,45413,48806,16043,16041,2,1612.22713,58.44089722023224,,
        LUNGA LUNGA,198423,97174,101245,37366,37276,90,2765.20796,71.75699002399804,,
        MATUGA,194252,95831,98419,39231,39124,107,1034.21242,187.82601740559255,,
        MSAMBWENI,177690,89206,88480,45466,45374,92,411.74858,431.54975786437444,,
        SAMBURU,202235,97497,104731,35070,34987,83,2430.25933,83.21539907430373,,
    KILIFI,1453787,704089,749673,298472,297990,482,12553.26504,115.80947230601927,,
        CHONYI,62335,29527,32807,11421,11416,5,192.6249,323.6082147219804,,
        GANZE,143906,66921,76981,23258,23197,61,3217.85699,44.72106760717169,,
        KALOLENI,193682,92614,101063,36355,36344,11,706.09151,274.30155618214417,,
        KAUMA,22638,10965,11673,3479,3479,-,181.36334,124.82125660014863,,
        KILIFI NORTH,178824,86986,91836,39512,39508,4,264.38849,676.3683245061085,,
        KILIFI SOUTH,206753,101852,104897,53074,53011,63,290.45791,711.8174196047888,,
        MAGARINI,191610,93302,98308,33017,32978,39,5229.3806,36.641050758477974,,
        MALINDI,333226,163351,169866,73547,73317,230,2263.27826,147.23156488941842,,
        RABAI,120813,58571,62242,24809,24740,69,207.82305,581.3262773306426,,
    TANA RIVER,315943,158550,157391,68242,66984,1258,37903.62209,8.33543029871423,,
        TANA DELTA,110640,55716,54924,22791,22395,396,15431.83314,7.169595406861689,,
        TANA NORTH,116757,59123,57632,26886,26119,767,13304.6697,8.775640630898188,,
        TANA RIVER,88546,43711,44835,18565,18470,95,9167.11924,9.659086751444939,,
    LAMU,143920,76103,67813,37963,34231,3732,6283.02473,22.906164814665626,,
        LAMU EAST,22258,11675,10583,5090,4476,614,2338.45767,9.518239430008585,,
        LAMU WEST,121662,64428,57230,32873,29755,3118,3944.56706,30.84292855196129,,
    TAITA/TAVETA,340671,173337,167327,96429,94468,1961,17152.00571,19.861875384135466,,
        MWATATE,81659,41426,40231,23698,23184,514,2722.61359,29.992871665640955,,
        TAITA,55959,28386,27573,15094,14985,109,477.86681,117.1016668849632,,
        TAVETA,91222,47410,43812,24115,23417,698,6398.72275,14.256282630779713,,
        VOI,111831,56115,55711,33522,32882,640,7552.80256,14.806556786253394,,
    GARISSA,841353,458975,382344,141394,138940,2454,44753.20037,18.79983985601162,,
        BALAMBALA,32257,20277,11979,4337,3986,351,3684.11868,8.75568970541416,,
        DADAAB,185252,99059,86185,35793,35169,624,6415.34628,28.876383583147753,,
        FAFI,134040,72617,61413,23671,23351,320,15050.29028,8.906140513324372,,
        GARISSA,163914,83460,80449,30518,29790,728,3317.83403,49.4039178927826,,
        HULUGHO,133984,78081,55898,20254,20078,176,7736.56391,17.318282581084503,,
        IJARA,141591,80458,61129,18481,18296,185,2452.82063,57.72578649585151,,
        LAGDERA,50315,25023,25291,8340,8270,70,6096.22656,8.253466222882635,,
    WAJIR,781263,415374,365840,127932,126878,1054,56773.81413,13.760974350095157,,
        BUNA,49886,26796,23088,6480,6480,-,3887.51738,12.832354205449239,,
        ELDAS,89104,45028,44069,13961,13862,99,4491.882,19.83667424923451,,
        HABASWEIN,174134,94613,79505,31292,31113,179,10912.48992,15.957311418070937,,
        TARBAJ,56637,26856,29776,9309,9241,68,9608.38538,5.894538755480268,,
        WAJIR EAST,110654,59359,51292,18674,18282,392,4053.34283,27.299442618328932,,
        WAJIR NORTH,62206,31990,30209,10490,10478,12,4041.81818,15.390598297521636,,
        WAJIR SOUTH,116814,64947,51864,21364,21149,215,10734.41108,10.882199230998706,,
        WAJIR WEST,121828,65785,56037,16362,16273,89,9043.96735,13.470636866020971,,
    MANDERA,867457,434976,432444,125763,123954,1809,25942.15093,33.43812941111433,,
        MANDERA WEST,98300,48166,50130,14274,14201,73,4018.08448,24.46439354107358,,
        BANISA,152598,78301,74288,24285,24000,285,3943.82341,38.692908920077635,,
        KUTULO,72394,35799,36593,9446,9342,104,2509.33185,28.849910784020057,,
        LAFEY,83457,40476,42976,11597,11380,217,3795.41709,21.988887656086305,,
        MANDERA CENTRAL,157220,71688,85527,21140,20795,345,4031.63787,38.9965579919508,,
        MANDERA EAST,159638,83538,76095,25904,25206,698,2505.70107,63.709914127945034,,
        MANDERA NORTH,143850,77008,66835,19117,19030,87,5138.15514,27.996429862567364,,
    MARSABIT,459785,243548,216219,77495,76689,806,70944.26652,6.4809324636597845,,
        LOIYANGALANI,35713,17659,18051,7774,7646,128,11789.24313,3.029286919117088,,
        MARSABIT CENTRAL,79181,40956,38214,15849,15658,191,2142.83877,36.951450155066965,,
        MARSABIT NORTH,54297,30091,24205,7521,7468,53,19836.88783,2.7371733139451844,,
        MARSABIT SOUTH,65376,33215,32161,11615,11563,52,8447.44117,7.739148303532962,,
        MOYALE,108949,56440,52508,17709,17591,118,3327.16918,32.745254030034026,,
        NORTH HORR,71447,41719,29726,9789,9601,188,19336.7385,3.694883705439777,,
        SOLOLO,44822,23468,21354,7238,7162,76,6063.94795,7.391554210157757,,
    ISIOLO,268002,139510,128483,58072,53217,4855,25349.18759,10.572409827671326,,
        GARBATULLA,99730,54661,45068,18661,17047,1614,9902.21961,10.071479317554743,,
        ISIOLO,121066,60414,60647,29853,27612,2241,2690.99009,44.98938901703648,,
        MERTI,47206,24435,22768,9558,8558,1000,12755.97789,3.700696285857234,,
    MERU,1545714,767698,777975,426360,423931,2429,7013.94615,220.37722659162418,,
        BUURI EAST,76598,38101,38497,23834,23737,97,332.94508,230.06196697665573,,
        BUURI WEST,80762,40496,40264,27973,27905,68,638.69868,126.44773275560864,,
        IGEMBE CENTRAL,221412,111208,110200,52031,51848,183,603.30996,366.9954329943434,,
        IGEMBE NORTH,169317,83364,85949,38871,38716,155,1112.9097,152.1390279912198,,
        IGEMBE SOUTH,161646,80192,81446,43281,43222,59,255.42062,632.8619827169787,,
        IMENTI NORTH,177567,88506,89056,57668,57556,112,231.5617,766.8237018470671,,
        IMENTI SOUTH,206506,103338,103162,64186,63954,232,417.82313,494.2426236671005,,
        MERU CENTRAL,133818,66920,66894,39595,39498,97,377.12973,354.83280514638824,,
        TIGANIA CENTRAL,104730,51814,52916,25039,24983,56,237.3751,441.20044604509906,,
        TIGANIA EAST,72549,35352,37194,17185,16791,394,510.53097,142.10499316035617,,
        TIGANIA WEST,139961,67715,72241,36207,35402,805,398.57696,351.15175749245515,,
        MERU NATIONAL PARK,385,283,102,207,46,161,837.76721,0.45955486846996557,,
        MT. KENYA FOREST,463,409,54,283,273,10,1059.89731,0.436834772229019,,
    THARAKA-NITHI,393177,193764,199406,109860,109450,410,2564.35738,153.3237929574387,,
        IGAMBANG'OMBE,53210,26464,26745,14398,14383,15,323.31295,164.57738547125933,,
        MAARA,114894,57689,57205,35041,34779,262,266.41485,431.25974396697484,,
        MERU SOUTH,91080,44923,46155,28249,28211,38,138.8465,655.9762039374417,,
        THARAKA NORTH,58345,28290,30053,13413,13403,10,838.68143,69.56753531552499,,
        THARAKA SOUTH,75250,36190,39058,18646,18603,43,637.02621,118.12700767838109,,
        MOUNT KENYA FOREST,398,208,190,113,71,42,360.07543,1.1053239594826008,,
    EMBU,608599,304208,304367,182743,182427,316,2820.67485,215.76361415779633,,
        EMBU EAST,129564,64571,64991,39678,39586,92,253.26672,511.5713584477266,,
        EMBU NORTH,79556,39665,39888,24300,24294,6,110.60548,719.2772003701806,,
        EMBU WEST,127100,63125,63966,43153,43126,27,158.1488,803.6735024230345,,
        MBEERE SOUTH,163476,83311,80159,46065,45924,141,1312.07475,124.593511154757,,
        MBEERE NORTH,108881,53517,55360,29528,29483,45,783.55969,138.9568674723428,,
        MOUNT KENYA FOREST,22,19,3,19,14,5,203.01941,0.10836402292765998,,
    KITUI,1136187,549003,587151,262942,261814,1128,30429.60586,37.3382095459057,,
        IKUTHA,82964,39986,42976,16679,16579,100,9033.09148,9.184452541379555,,
        KATULANI,47108,23150,23957,12170,12166,4,323.66252,145.5466638522125,,
        KISASI,46142,22646,23496,10866,10860,6,294.60018,156.62583777104277,,
        KITUI CENTRAL,105991,52123,53863,29057,29026,31,421.80574,251.27917889405677,,
        KITUI WEST,70871,33887,36983,17497,17465,32,416.39111,170.20296134564447,,
        KYUSO,76867,36789,40077,15993,15969,24,2524.51411,30.448235442819527,,
        LOWER YATTA,63329,31701,31628,15454,15021,433,1191.05059,53.17070536861075,,
        MATINYANI,47811,23362,24448,11513,11497,16,264.21114,180.95754781573555,,
        MIGWANI,79255,37525,41726,19096,18843,253,634.53351,124.90278094217594,,
        MUMONI,29344,13748,15596,6496,6451,45,611.40363,47.99448115805266,,
        MUTITU,55287,26388,28896,11521,11490,31,4709.76601,11.738799737102013,,
        MUTITU NORTH,21215,10337,10877,4929,4929,-,548.34455,38.68917818185664,,
        MUTOMO,113356,54819,58531,23044,23034,10,2852.9027,39.73356679847511,,
        MWINGI CENTRAL,108713,52539,56174,26753,26745,8,1146.36975,94.83240464082378,,
        MWINGI EAST,85139,40314,44820,18730,18725,5,3418.4683,24.90559880283225,,
        NZAMBANI,46788,22929,23857,11276,11276,-,319.72083,146.34016807725666,,
        THAGICU,15136,7141,7994,3289,3289,-,362.72946,41.72806917861041,,
        TSEIKURU,40871,19619,21252,8579,8449,130,1356.04026,30.13996059379535,,
    MACHAKOS,1421932,710707,711191,402466,399523,2943,6037.26955,235.5256773320648,,
        ATHI RIVER,322499,164322,158172,109735,109723,12,834.889,386.2776967956219,,
        KALAMA,54462,26764,27692,14182,14137,45,480.42573,113.36195503100969,,
        KANGUNDO,97917,48697,49219,26142,26115,27,173.37555,564.768215587492,,
        KATHIANI,111890,54910,56976,28730,28730,-,204.08964,548.2394892753988,,
        MACHAKOS,170606,85486,85114,50979,50753,226,280.12385,609.0377524084436,,
        MASINGA,148522,73519,75001,36251,36196,55,1407.16468,105.54699255242818,,
        MATUNGULU,161557,81145,80407,44454,44399,55,581.40044,277.8756066988873,,
        MWALA,181896,90427,91466,45840,45809,31,1013.44133,179.4835030065332,,
        YATTA,172583,85437,87144,46153,43661,2492,1062.35932,162.45256830805607,,
    MAKUENI,987653,489691,497942,244669,243979,690,8176.66642,120.78920054561796,,
        KATHONZWENI,79780,39335,40442,18365,18362,3,880.6905,90.58801020335747,,
        KIBWEZI,197000,98477,98517,47912,47594,318,3137.4279,62.790287547324986,,
        KILUNGU,60952,29019,31932,14586,14563,23,154.29475,395.0361240418096,,
        MAKINDU,84946,42204,42742,21756,21662,94,852.09151,99.69117049411747,,
        MAKUENI,130375,65418,64955,34479,34352,127,609.28121,213.9816522488852,,
        MBOONI EAST,97756,48152,49601,23734,23724,10,693.3117,140.99863019764416,,
        MBOONI WEST,102594,49434,53159,24833,24807,26,270.72248,378.9637269871345,,
        MUKAA,107549,54481,53068,28185,28109,76,803.68989,133.8190281328536,,
        NZAUI,126701,63171,63526,30819,30806,13,775.15648,163.4521587176824,,
    NYANDARUA,638289,315022,323247,179686,178224,1462,3285.75857,194.2592513728116,,
        KINANGOP,111410,54727,56679,30970,30847,123,293.64013,379.4099941312517,,
        NYANDARUA SOUTH,93870,46157,47708,25822,25650,172,313.58418,299.34545805212497,,
        MIRANGINE,67214,33447,33766,18816,17880,936,245.55659,273.7210188494636,,
        KIPIPIRI,93855,46113,47740,25200,25077,123,456.33426,205.671605721648,,
        NYANDARUA CENTRAL,75262,37329,37931,21942,21852,90,346.62423,217.12850252851624,,
        NYANDARUA WEST,97965,48752,49209,29008,29003,5,384.8831,254.53183057401066,,
        NYANDARUA NORTH,98698,48486,50210,27917,27906,11,528.4083,186.78359140081636,,
        ABERDARE NATIONAL PARK,15,11,4,11,9,2,716.72778,0.020928447896912828,,
    NYERI,759164,374288,384845,248050,244564,3486,3324.98164,228.3212607453676,,
        TETU,80453,39293,41155,24139,24122,17,216.51177,371.58718900131845,,
        KIENI EAST,110376,55360,55012,36835,36751,84,448.70047,245.99038195792397,,
        KIENI WEST,88525,43843,44677,27619,27530,89,517.80986,170.96043709944033,,
        MATHIRA EAST,99065,48070,50992,35044,33945,1099,130.3631,759.9159578132155,,
        MATHIRA WEST,59895,29480,30412,19020,18892,128,162.30199,369.0342921858198,,
        NYERI SOUTH,91081,44115,46964,28228,28103,125,169.21695,538.2498620853289,,
        MUKURWE-INI,89137,43975,45156,27040,27036,4,179.07785,497.7555850709621,,
        NYERI CENTRAL,140338,69955,70380,49945,48036,1909,167.62768,837.2006341673404,,
        MT. KENYA FOREST,188,123,65,101,101,-,611.37656,0.30750279336846015,,
        ABERDARE FOREST,106,74,32,79,48,31,721.99542,0.1468153357537919,,
    KIRINYAGA,610411,302011,308369,204188,203576,612,1478.31076,412.9111527267785,,
        KIRINYAGA CENTRAL,122740,60118,62617,40225,40149,76,153.33866,800.45045391684,,
        KIRINYAGA EAST,135559,67037,68514,44571,44509,62,231.83988,584.7095849083428,,
        KIRINYAGA WEST,114660,56154,58502,38309,37951,358,207.77279,551.8528196112687,,
        MWEA EAST,132554,66432,66114,46340,46331,9,303.00818,437.46013721477755,,
        MWEA WEST,104828,52228,52594,34720,34613,107,239.36767,437.9371700447266,,
        MOUNT KENYA FOREST,70,42,28,23,23,-,342.98356,0.20409141476052087,,
    MURANG'A,1056640,523940,532669,318105,317496,609,2522.7671,418.8416758724973,,
        MURANG'A EAST,110311,54665,55645,34734,34650,84,240.77599,458.14784107003356,,
        KANGEMA,80447,39582,40862,25293,25283,10,173.68529,463.17681825559316,,
        MATHIOYA,92814,45454,47359,28400,28372,28,177.53706,522.7866226916228,,
        KAHURO,88193,43352,44834,26930,26778,152,169.40288,520.6109837093678,,
        MURANG'A SOUTH,184824,91732,93087,55998,55878,120,456.86463,404.54871719879037,,
        GATANGA,187989,94437,93548,55461,55340,121,530.92897,354.0756120352596,,
        KIGUMO,136921,67989,68929,40552,40528,24,244.20941,560.6704508233323,,
        KANDARA,175098,86698,88393,50704,50657,47,234.61696,746.3143329450693,,
        ABERDARE FOREST,43,31,12,33,10,23,294.74591,0.14588836873088418,,
    KIAMBU,2417735,1187146,1230454,795241,792333,2908,2538.69668,952.3528427192807,,
        GATUNDU NORTH,109870,54189,55678,31472,31452,20,285.90357,384.2904095251416,,
        GATUNDU SOUTH,122103,60384,61714,35609,35577,32,193.57302,630.785219965055,,
        GITHUNGURI,165232,82037,83187,49426,49414,12,174.35452,947.678328041051,,
        JUJA,300948,148446,152480,104301,104042,259,342.0116,879.9350665299072,,
        KABETE,199653,97794,101845,66710,66681,29,60.70959,3288.65670151948,,
        KIAMBAA,236400,115690,120695,80332,80316,16,91.08296,2595.436072784635,,
        KIAMBU,145903,69661,76225,47275,46816,459,98.37998,1483.0558005805651,,
        KIKUYU,187122,90919,96198,60686,60619,67,172.90634,1082.2159557596326,,
        LARI,135303,67061,68238,38592,38585,7,432.28645,312.9938493330059,,
        LIMURU,159314,79632,79682,49174,49096,78,285.10056,558.799323298418,,
        RUIRU,371111,180947,190144,129470,127910,1560,201.05898,1845.7817701054687,,
        THIKA EAST,38956,19688,19264,12736,12736,-,109.92755,354.37886135004374,,
        THIKA WEST,245820,120698,125104,89458,89089,369,91.40156,2689.4508146250455,,
    TURKANA,926976,478087,448868,164519,162627,1892,68233.0758,13.585434763590122,,
        KIBISH,36769,18651,18117,5805,5699,106,10466.07893,3.5131590585090304,,
        LOIMA,107795,54341,53453,19438,19139,299,9119.71353,11.819998473131863,,
        TURKANA CENTRAL,185305,93145,92160,38173,37917,256,6415.23568,28.885143000701106,,
        TURKANA EAST,138526,76871,61643,17981,17887,94,11395.6711,12.156019490594108,,
        TURKANA NORTH,65218,32810,32408,13119,12964,155,7012.24262,9.300590914237363,,
        TURKANA SOUTH,153736,78402,75329,24552,24281,271,7045.15812,21.821511651182075,,
        TURKANA WEST,239627,123867,115758,45451,44740,711,16778.97582,14.28138418999164,,
    WEST POKOT,621241,307013,314213,116182,115761,421,9123.28014,68.09403969480651,,
        KIPKOMO,102633,50923,51703,18370,18367,3,765.63235,134.04997842632957,,
        POKOT CENTRAL,119016,59682,59331,21850,21784,66,2055.22592,57.90896214465805,,
        POKOT NORTH,134485,64780,69702,25804,25736,68,3910.9184,34.38706366259137,,
        POKOT SOUTH,80661,39808,40851,13817,13752,65,536.73147,150.28185323286525,,
        WEST POKOT,184446,91820,92626,36341,36122,219,1854.772,99.44402870002351,,
    SAMBURU,310327,156774,153546,65910,63951,1959,21089.68545,14.714633878050561,,
        SAMBURU CENTRAL,164942,83633,81307,34202,33720,482,3698.99099,44.591079147235234,,
        SAMBURU EAST,77994,38211,39782,18424,17307,1117,10015.50591,7.7873250438728965,,
        SAMBURU NORTH,67391,34930,32457,13284,12924,360,7375.18855,9.137529100866175,,
    TRANS NZOIA,990341,489107,501206,223808,222989,819,2495.17422,396.9025457468858,,
        TRANS NZOIA WEST,202377,101198,101174,47603,47576,27,355.42545,569.3936660979117,,
        TRANS NZOIA EAST,229538,113498,116029,50017,49955,62,629.0893,364.87347662724517,,
        KWANZA,203821,100234,103584,45752,45599,153,465.30699,438.0355429433803,,
        ENDEBESS,111782,56090,55689,23705,23246,459,678.4461,164.7617990581713,,
        KIMININI,242823,118087,124730,56731,56613,118,366.90638,661.8118769153047,,
    UASIN GISHU,1163186,580269,582889,304943,301110,3833,3398.61337,342.25311130344903,,
        AINABKOI,138184,68348,69835,34892,34862,30,482.70741,286.26865288850655,,
        KAPSERET,198499,99650,98845,59746,59678,68,299.25562,663.309180292086,,
        KESSES,148798,74301,74493,34653,34623,30,747.73879,198.9972995783728,,
        MOIBEN,181338,90309,91027,46729,46602,127,769.84548,235.55116541049253,,
        SOY,229094,114082,115007,53784,53758,26,667.64164,343.1391726855143,,
        TURBO,267273,133579,133682,75139,71587,3552,431.42444,619.5128861962479,,
    ELGEYO/MARAKWET,454480,227317,227151,99861,99119,742,3032.05926,149.89152949471048,,
        KEIYO NORTH,99176,49601,49574,21947,21749,198,543.16314,182.5897096036377,,
        KEIYO SOUTH,120750,60919,59827,27029,26740,289,897.7746,134.49923845027473,,
        MARAKWET EAST,97041,47849,49190,21362,21123,239,853.24603,113.7315575907221,,
        MARAKWET WEST,137513,68948,68560,29523,29507,16,737.87549,186.36342020250598,,
,,,,,,,,,,
    NANDI,885711,441259,444430,199426,199040,386,2849.40171,310.84104318867696,,
        CHESUMEI,164133,80949,83180,39051,39011,40,474.59086,345.8410471706092,,
        NANDI CENTRAL,147553,73291,74255,34400,34247,153,362.38006,407.1774810126142,,
        NANDI EAST,119173,59899,59271,29253,29249,4,391.61603,304.31083222001917,,
        NANDI NORTH,166171,82512,83656,35297,35257,40,606.33203,274.05941262908374,,
        NANDI SOUTH,172750,85718,87029,37094,37038,56,457.37422,377.69946893814875,,
        TINDERET,115931,58890,57039,24331,24238,93,557.10852,208.09410705117202,,
    BARINGO,666763,336322,330428,142518,141877,641,10984.62209,60.6996758319976,,
        BARINGO CENTRAL,96951,48120,48829,23555,23523,32,786.49481,123.2697263444116,,
        BARINGO NORTH,104871,52369,52500,23500,23345,155,1629.25716,64.36737095573052,,
        EAST POKOT,79923,40462,39459,14498,14392,106,2500.43029,31.96369853606277,,
        KOIBATEK,129535,65295,64238,30774,30752,22,938.60132,138.0085423276413,,
        MARIGAT,90955,45706,45246,19854,19658,196,1405.11359,64.73142146465185,,
        MOGOTIO,91104,46014,45088,18184,18169,15,1375.31807,66.24213117479071,,
        TIATY EAST,73424,38356,35068,12153,12038,115,2163.00305,33.94539827394141,,
        LAKE BARINGO,-,-,-,-,-,-,186.40381,-,,
    LAIKIPIA,518560,259440,259102,149271,145776,3495,9507.64111,54.54139402197103,,
        LAIKIPIA CENTRAL,95594,47888,47705,30372,29877,495,1232.60734,77.554300463601,,
        LAIKIPIA EAST,102815,52078,50732,33505,31311,2194,1538.98125,66.80718169893233,,
        LAIKIPIA NORTH,36184,18067,18116,7752,7694,58,2550.46832,14.187198373042328,,
        LAIKIPIA WEST,129263,65158,64102,33025,32821,204,3372.20556,38.33188626852273,,
        NYAHURURU,154704,76249,78447,44617,44073,544,813.37864,190.19924103244216,,
    NAKURU,2162202,1077272,1084835,616046,598237,17809,7504.90539,288.1051642411178,,
        GILGIL,185209,92955,92247,58920,49405,9515,1075.41126,172.22155550054404,,
        KURESOI NORTH,175074,87472,87599,40359,40168,191,618.07876,283.2551631445805,,
        KURESOI SOUTH,155324,78204,77117,34627,34543,84,590.65453,262.9692859546849,,
        MOLO,156732,78129,78598,41462,41439,23,483.24743,324.3307470874703,,
        NAIVASHA,355383,179222,176132,117633,111493,6140,1958.36733,181.4690199105803,,
        NAKURU EAST,193926,92956,100960,61398,60066,1332,230.92796,839.7683849110346,,
        NAKURU NORTH,218050,106155,111880,61728,61582,146,387.33605,562.9478588424703,,
        NAKURU WEST,198661,101797,96854,64481,64429,52,71.86269,2764.4525970291397,,
        NJORO,238773,118361,120408,61271,61156,115,699.45301,341.3710379200456,,
        RONGAI,199906,99976,99922,52348,52248,100,988.06101,202.32151453886436,,
        SUBUKIA,85164,42045,43118,21819,21708,111,401.50536,212.11173868264174,,
    NAROK,1157873,579042,578805,241125,238115,3010,17931.68124,64.57135750423366,,
        NAROK EAST,115323,58699,56617,25078,24860,218,2041.9576,56.47668688125552,,
        NAROK NORTH,251862,128024,123829,59996,59802,194,2159.35789,116.63745096001662,,
        NAROK SOUTH,238472,118441,120029,46723,46549,174,4577.45022,52.097125809923064,,
        NAROK WEST,195287,97085,98198,38658,37782,876,5562.96548,35.10483764497493,,
        TRANS MARA EAST,111183,54545,56637,20506,20439,67,309.80082,358.88542838589,,
        TRANS MARA WEST,245714,122220,123491,50132,48683,1449,2545.94387,96.51194706032541,,
        MAU FOREST,32,28,4,32,0,32,734.20536,0.043584536075846676,,
    KAJIADO,1117840,557098,560704,316179,313218,2961,21871.18482,51.110171177274154,,
        ISINYA,210473,105607,104860,71579,71395,184,1071.61269,196.4077151792594,,
        KAJIADO CENTRAL,161862,81514,80343,37238,37059,179,4239.49862,38.179514727616535,,
        KAJIADO NORTH,306596,150675,155908,101378,100908,470,110.55566,2773.227530820222,,
        KAJIADO WEST,182849,91607,91237,42774,42367,407,7862.13057,23.256927415795893,,
        LOITOKITOK,191846,94613,97225,47058,45581,1477,6336.68872,30.2754338231088,,
        MASHUURU,64214,33082,31131,16152,15908,244,2250.69856,28.53069759817148,,
    KERICHO,901777,450741,451008,206036,205932,104,2436.08845,370.17416177971694,,
        BELGUT,145072,72508,72564,35012,34978,34,264.27276,548.9479884343737,,
        BURETI,199470,98823,100642,43117,43098,19,320.58058,622.2148578057972,,
        KERICHO EAST,170625,86671,83947,44246,44246,-,240.59381,709.1828339224521,,
        KIPKELION,122530,61066,61460,24688,24676,12,349.90955,350.1762098233672,,
        LONDIANI,137580,68570,69000,31778,31739,39,399.55755,344.33087298688264,,
        SOIN SIGOWET,126500,63103,63395,27195,27195,-,466.1772,271.3560422946467,,
        MAU FOREST,-,-,-,-,-,-,201.24978,-,,
        TINDERET FOREST,-,-,-,-,-,-,193.74721,-,,
    BOMET,875689,434287,441379,187641,187230,411,2507.07622,349.2869474865826,,
        BOMET EAST,144275,71095,73172,29958,29897,61,305.041,472.9692074180192,,
        CHEPALUNGU,164837,79921,84912,33931,33850,81,460.54566,357.91673728941447,,
        KONOIN,163507,83120,80384,38178,38123,55,392.53998,416.53591565373796,,
        SOTIK,227855,112369,115482,47315,47265,50,544.33893,418.59030732929574,,
        BOMET CENTRAL,175215,87782,87429,38259,38095,164,286.05424,612.5236948069709,,
        MAU FOREST,-,-,-,-,-,-,518.55641,-,,
    KAKAMEGA,1867579,897133,970406,433207,432284,923,3016.62375,619.0957689038946,,
        BUTERE,154100,73634,80463,36243,36243,-,210.07639,733.5426889237767,,
        KAKAMEGA CENTRAL,188212,92774,95432,52015,51956,59,155.24001,1212.3936348625589,,
        KAKAMEGA EAST,167641,80853,86784,39589,39589,-,417.19246,401.83132744057747,,
        KAKAMEGA NORTH,238330,115511,122814,51083,50952,131,420.78836,566.389241375403,,
        KAKAMEGA SOUTH,111743,53219,58524,26964,26940,24,146.21999,764.211514444776,,
        KHWISERO,113476,53670,59803,27681,27681,-,145.64636,779.1200549055947,,
        LIKUYANI,152055,73710,78341,35322,34776,546,316.13269,480.98474093267606,,
        LUGARI,122728,59135,63593,27862,27817,45,254.26104,482.68503896625293,,
        MATETE,66172,31749,34423,13956,13956,-,102.74516,644.0400696246909,,
        MATUNGU,166940,78793,88143,36457,36414,43,275.55575,605.8302176601287,,
        MUMIAS EAST,116851,55895,60953,26049,25995,54,150.16137,778.1695119057584,,
        MUMIAS WEST,115354,54915,60438,27671,27650,21,163.3043,706.3745412704992,,
        NAVAKHOLO,153977,73275,80695,32315,32315,-,259.29987,593.8182691722908,,
    VIHIGA,590013,283678,306323,143365,143288,77,563.75651,1046.5741672765782,,
        EMUHAYA,97141,46507,50633,23804,23803,1,89.03185,1091.0814500653416,,
        VIHIGA,95292,45788,49501,23375,23359,16,90.09306,1057.7063316530707,,
        SABATIA,131628,62944,68683,31422,31391,31,111.41855,1181.3831718326976,,
        LUANDA,106694,51525,55165,26766,26766,-,84.33096,1265.1818501769694,,
        HAMISI,159241,76901,82337,37986,37965,21,157.15373,1013.2817082992558,,
        KAKAMEGA FOREST,17,13,4,12,4,8,31.72837,0.5357980885875953,,
    BUNGOMA,1670570,812146,858389,358796,357714,1082,3023.93798,552.4484996216754,,
        BUMULA,215892,103368,112523,44954,44922,32,345.24363,625.3323196723427,,
        BUNGOMA CENTRAL,177748,86302,91438,37803,37535,268,232.69108,763.879732734061,,
        BUNGOMA EAST,114548,55775,58771,24873,24798,75,163.28523,701.5208907749953,,
        BUNGOMA NORTH,121317,58790,62526,24998,24940,58,191.54009,633.3765427383897,,
        BUNGOMA SOUTH,287765,139705,148055,69151,69088,63,321.1328,896.0934541722304,,
        CHEPTAIS,136035,67717,68312,26326,26007,319,222.92945,610.2154739986125,,
        KIMILILI,162038,78560,83475,35263,35053,210,179.62057,902.1127145961067,,
        MT ELGON,78873,38977,39893,15276,15230,46,126.47827,623.6090990175625,,
        BUNGOMA WEST,119875,58225,61649,25172,25166,6,211.003,568.1198845514045,,
        TONGAREN,100343,48685,51657,21343,21343,-,185.26231,541.6266265923166,,
        WEBUYE WEST,152515,74180,78331,32839,32834,5,238.92556,638.336894554103,,
        MT ELGON FOREST,3621,1862,1759,798,798,-,605.82599,5.976963781299643,,
    BUSIA,893681,426252,467401,198152,197944,208,1699.78361,525.7616291523132,,
        BUNYALA,85977,41465,44511,19039,19028,11,192.20053,447.329671775619,,
        BUSIA,142408,69034,73373,33160,33152,8,195.99574,726.5872207222462,,
        BUTULA,140334,65136,75195,32213,32199,14,247.0887,567.9498900597235,,
        NAMBALE,111636,52900,58732,23892,23889,3,238.12433,468.813917502676,,
        SAMIA,107176,50821,56341,23884,23813,71,262.41792,408.41723004282636,,
        TESO NORTH,138034,66412,71619,29395,29314,81,261.03544,528.7940978435726,,
        TESO SOUTH,168116,80484,87630,36569,36549,20,302.92094,554.9830922880407,,
    SIAYA,993183,471669,521496,250698,249341,1357,2529.73596,392.6034241138747,,
        SIAYA,224343,105906,118433,57553,57386,167,598.88671,374.6000641757437,,
        GEM,179792,85696,94092,44884,44696,188,405.17708,443.73684710892337,,
        UGENYA,134354,62624,71726,33565,33554,11,323.5232,415.2839734522903,,
        UGUNJA,104241,48912,55329,26328,26321,7,200.97244,518.6830592294148,,
        BONDO,197883,95962,101917,51362,50454,908,598.80805,330.46148928692594,,
        RARIEDA,152570,72569,79999,37006,36930,76,402.36849,379.1797911411999,,
    KISUMU,1155574,560942,594609,300745,296846,3899,2085.43324,554.1169948935886,,
        KISUMU EAST,220997,108304,112689,61871,61499,372,141.62184,1560.4725937750845,,
        KISUMU CENTRAL,174145,84155,89985,52331,52163,168,36.76559,4736.63009351951,,
        KISUMU WEST,172821,85697,87121,45933,42785,3148,208.98958,826.93596494141,,
        SEME,121667,57658,64007,29404,29404,-,267.71336,454.4674199300326,,
        MUHORONI,154116,76770,77345,37193,36982,211,657.50547,234.39500815103486,,
        NYANDO,161508,77121,84380,38460,38460,-,446.10817,362.0377542065639,,
        NYAKACH,150320,71237,79082,35553,35553,-,326.72923,460.0751515253166,,
    HOMA BAY,1131950,539560,592367,262036,260290,1746,3152.52616,359.06125518082933,,
        HOMA BAY,117439,55756,61681,29318,28471,847,182.04495,645.1099028014784,,
        NDHIWA,218136,103706,114422,48062,47956,106,713.48788,305.7318927407709,,
        RACHUONYO NORTH,178686,85409,93273,41809,41661,148,435.44374,410.35381516794797,,
        RACHUONYO EAST,121822,57709,64111,27319,27229,90,250.91632,485.5084754949379,,
        RACHUONYO SOUTH,130814,61663,69151,30990,30693,297,256.07848,510.83558446613705,,
        RANGWE,117732,55404,62325,27003,26983,20,274.13526,429.4668259748855,,
        SUBA NORTH,124938,60530,64406,29766,29662,104,406.32982,307.4792787789978,,
        SUBA SOUTH,122383,59383,62998,27769,27635,134,634.08971,193.0058130102758,,
    MIGORI,1116436,536187,580214,240168,238133,2035,2613.4842,427.182991961459,,
        AWENDO,117290,56348,60939,27033,27014,19,255.2604,459.49156234182817,,
        KURIA EAST,96872,46969,49894,17363,17267,96,187.6199,516.3204969195698,,
        KURIA WEST,208513,101090,107417,39781,39723,58,395.684,526.9684900071774,,
        NYATIKE,176162,83989,92164,40257,39358,899,676.85621,260.2650273386721,,
        RONGO,124587,59257,65329,29087,29007,80,213.35081,583.9537239160236,,
        SUNA EAST,122674,58977,63694,27302,27214,88,205.09216,598.1408553110953,,
        SUNA WEST,128890,61430,67459,29251,28839,412,287.54545,448.2421822358865,,
        URIRI,141448,68127,73318,30094,29711,383,392.07526,360.7674710207423,,
    KISII,1266860,605784,661038,308054,307254,800,1323.27643,957.36610377017,,
        ETAGO,83787,40137,43647,18610,18610,-,108.44834,772.598271213741,,
        GUCHA,83740,39631,44108,19657,19621,36,82.10952,1019.857380727594,,
        GUCHA SOUTH,83623,40022,43598,19732,19627,105,95.21766,878.2299417986118,,
        KENYENYA,131740,62859,68878,30989,30985,4,141.72396,929.5534784661676,,
        KISII CENTRAL,166906,81330,85573,44311,44037,274,135.83115,1228.77557909213,,
        KISII SOUTH,135134,64514,70615,31696,31574,122,128.26513,1053.5521228567734,,
        KITUTU CENTRAL,154175,74608,79561,41271,41233,38,100.27942,1537.4540459049324,,
        MARANI,107464,50598,56864,26186,26133,53,128.44919,836.6265291357619,,
        MASABA SOUTH,122396,58143,64248,29232,29206,26,161.19205,759.3178447696397,,
        NYAMACHE,130898,62113,68782,30712,30583,129,162.69768,804.5474280887104,,
        SAMETA,66997,31829,35164,15658,15645,13,79.06232,847.3948146221867,,
    NYAMIRA,605576,290907,314656,150669,150499,170,897.32251,674.8699528333465,,
        BORABU,73167,36736,36431,19468,19404,64,246.90633,296.3350514342828,,
        MANGA,94209,44868,49339,23869,23836,33,111.45505,845.264525923231,,
        MASABA NORTH,111860,52884,58974,27913,27904,9,141.69982,789.4152582550917,,
        NYAMIRA NORTH,167267,80314,86947,40446,40396,50,215.7288,775.3577640074019,,
        NYAMIRA SOUTH,159073,76105,82965,38973,38959,14,181.53251,876.2783040899947,,
    NAIROBI CITY,4397073,2192452,2204376,1506888,1494676,12212,703.87005,6246.995450367579,,
        DAGORETTI,434208,217651,216526,155089,154949,140,29.12662,14907.59998928815,,
        EMBAKASI,988808,492476,496270,347955,346462,1493,86.28025,11460.421127662472,,
        KAMUKUNJI,268276,136670,131599,84365,83680,685,10.53927,25454.893934779164,,
        KASARANI,780656,381234,399385,271290,268611,2679,86.13753,9062.902082286317,,
        KIBRA,185777,94199,91569,61690,61651,39,12.13363,15310.916848461671,,
        LANG'ATA,197489,96698,100774,62239,60187,2052,216.83621,910.7750038612094,,
        MAKADARA,189536,96369,93157,70361,70080,281,11.7362,16149.690700567475,,
        MATHARE,206564,106522,100028,74967,74967,-,2.99627,68940.38254229425,,
        NJIRU,626482,307642,318809,204563,204492,71,129.94146,4821.263359669808,,
        STAREHE,210423,109173,101238,69389,66108,3281,20.6188,10205.3950763381,,
        WESTLANDS,308854,153818,155021,104980,103489,1491,97.52382,3166.9596207367595,,
Source: 2019 Kenya Population and Housing Census,,,,,,,,,,
