country,iso2,iso3,iso_numeric,g_whoregion,year,rep_meth,new_sp_coh,new_sp_cur,new_sp_cmplt,new_sp_died,new_sp_fail,new_sp_def,c_new_sp_tsr,new_snep_coh,new_snep_cmplt,new_snep_died,new_snep_fail,new_snep_def,c_new_snep_tsr,ret_coh,ret_cur,ret_cmplt,ret_died,ret_fail,ret_def,hiv_new_sp_coh,hiv_new_sp_cur,hiv_new_sp_cmplt,hiv_new_sp_died,hiv_new_sp_fail,hiv_new_sp_def,hiv_new_snep_coh,hiv_new_snep_cmplt,hiv_new_snep_died,hiv_new_snep_fail,hiv_new_snep_def,hiv_ret_coh,hiv_ret_cur,hiv_ret_cmplt,hiv_ret_died,hiv_ret_fail,hiv_ret_def,rel_with_new_flg,used_2021_defs_flg,newrel_coh,newrel_succ,newrel_fail,newrel_died,newrel_lost,c_new_tsr,ret_nrel_coh,ret_nrel_succ,ret_nrel_fail,ret_nrel_died,ret_nrel_lost,c_ret_tsr,tbhiv_coh,tbhiv_succ,tbhiv_fail,tbhiv_died,tbhiv_lost,c_tbhiv_tsr,mdr_coh,mdr_succ,mdr_fail,mdr_died,mdr_lost,xdr_coh,xdr_succ,xdr_fail,xdr_died,xdr_lost
Kenya,KE,KEN,404,AFR,1994,100.0,1479.0,887.0,197.0,152.0,23.0,145.0,73.0,,,,,,,933.0,86.0,30.0,13.0,2.0,8.0,,,,,,,,,,,,,,,,,,,,,,,,,73.0,,,,,,12.0,,,,,,,,,,,,,,,,
Kenya,KE,KEN,404,AFR,1995,100.0,6470.0,3905.0,927.0,554.0,52.0,576.0,75.0,,,,,,,879.0,533.0,101.0,82.0,7.0,88.0,,,,,,,,,,,,,,,,,,,,,,,,,75.0,,,,,,72.0,,,,,,,,,,,,,,,,
Kenya,KE,KEN,404,AFR,1996,100.0,12630.0,8038.0,1647.0,795.0,91.0,1147.0,77.0,,,,,,,1266.0,644.0,103.0,85.0,12.0,91.0,,,,,,,,,,,,,,,,,,,,,,,,,77.0,,,,,,59.0,,,,,,,,,,,,,,,,
Kenya,KE,KEN,404,AFR,1997,100.0,19040.0,10073.0,2324.0,917.0,96.0,1414.0,65.0,,,,,,,1386.0,659.0,99.0,85.0,9.0,80.0,,,,,,,,,,,,,,,,,,,,,,,,,65.0,,,,,,55.0,,,,,,,,,,,,,,,,
Kenya,KE,KEN,404,AFR,1998,100.0,21885.0,13892.0,2961.0,1166.0,94.0,2317.0,77.0,,,,,,,1541.0,842.0,144.0,104.0,12.0,161.0,,,,,,,,,,,,,,,,,,,,,,,,,77.0,,,,,,64.0,,,,,,,,,,,,,,,,
Kenya,KE,KEN,404,AFR,1999,100.0,27417.0,17963.0,3709.0,1617.0,115.0,2443.0,79.0,,,,,,,1774.0,1114.0,193.0,198.0,15.0,174.0,,,,,,,,,,,,,,,,,,,,,,,,,79.0,,,,,,74.0,,,,,,,,,,,,,,,,
Kenya,KE,KEN,404,AFR,2000,100.0,28376.0,18705.0,3973.0,1474.0,116.0,2454.0,80.0,,,,,,,1964.0,1271.0,218.0,42.0,156.0,189.0,,,,,,,,,,,,,,,,,,,,,,,,,80.0,,,,,,76.0,,,,,,,,,,,,,,,,
Kenya,KE,KEN,404,AFR,2001,100.0,30855.0,20703.0,4098.0,1577.0,105.0,2505.0,80.0,,,,,,,2635.0,1780.0,256.0,259.0,14.0,175.0,,,,,,,,,,,,,,,,,,,,,,,,,80.0,,,,,,77.0,,,,,,,,,,,,,,,,
Kenya,KE,KEN,404,AFR,2002,100.0,30966.0,20247.0,4304.0,1519.0,135.0,2745.0,79.0,,,,,,,2476.0,1612.0,293.0,251.0,9.0,167.0,,,,,,,,,,,,,,,,,,,,,,,,,79.0,,,,,,77.0,,,,,,,,,,,,,,,,
Kenya,KE,KEN,404,AFR,2003,100.0,34068.0,22941.0,4282.0,1725.0,79.0,2999.0,80.0,,,,,,,3032.0,2035.0,228.0,326.0,16.0,220.0,,,,,,,,,,,,,,,,,,,,,,,,,80.0,,,,,,75.0,,,,,,,,,,,,,,,,
Kenya,KE,KEN,404,AFR,2004,100.0,41167.0,28344.0,4707.0,2070.0,100.0,2875.0,80.0,56169.0,41779.0,3799.0,,5164.0,74.0,3646.0,2418.0,367.0,401.0,25.0,239.0,,,,,,,,,,,,,,,,,,,,,,,,,77.0,,,,,,76.0,,,,,,,,,,,,,,,,
Kenya,KE,KEN,404,AFR,2005,100.0,40436.0,28651.0,4650.0,2021.0,141.0,3109.0,82.0,57433.0,45816.0,4055.0,,5001.0,80.0,3794.0,2586.0,345.0,377.0,22.0,261.0,,,,,,,,,,,,,,,,,,,,,,,,,81.0,,,,,,77.0,,,,,,,,,,,,,,,,
Kenya,KE,KEN,404,AFR,2006,100.0,39154.0,28621.0,4683.0,1776.0,131.0,2873.0,85.0,62032.0,50455.0,4054.0,,4993.0,81.0,3945.0,2804.0,309.0,281.0,37.0,328.0,,,,,,,,,,,,,,,,,,,,,,,,,83.0,,,,,,79.0,,,,,,,1.0,1.0,0.0,0.0,0.0,,,,,
Kenya,KE,KEN,404,AFR,2007,100.0,38360.0,28689.0,4040.0,1395.0,154.0,2611.0,85.0,60884.0,49786.0,3475.0,0.0,4978.0,82.0,3285.0,2386.0,253.0,241.0,41.0,222.0,10251.0,7283.0,1212.0,586.0,73.0,724.0,26002.0,21075.0,1870.0,0.0,1970.0,1072.0,763.0,67.0,108.0,18.0,69.0,,,,,,,,83.0,,,,,,80.0,,,,,,81.0,16.0,11.0,0.0,2.0,3.0,,,,,
Kenya,KE,KEN,404,AFR,2008,100.0,36811.0,28147.0,3300.0,1319.0,171.0,2457.0,85.0,62346.0,51654.0,3575.0,0.0,4672.0,83.0,10444.0,2604.0,4899.0,698.0,46.0,729.0,11174.0,8031.0,1020.0,764.0,54.0,867.0,26502.0,21519.0,1921.0,0.0,2009.0,4148.0,846.0,2378.0,416.0,7.0,327.0,,,,,,,,84.0,,,,,,72.0,,,,,,81.0,44.0,27.0,0.0,9.0,2.0,,,,,
Kenya,KE,KEN,404,AFR,2009,100.0,37402.0,29257.0,2855.0,1357.0,224.0,2287.0,86.0,61952.0,51011.0,3893.0,,4504.0,82.0,4859.0,3419.0,390.0,379.0,174.0,316.0,10781.0,7986.0,808.0,733.0,76.0,720.0,26607.0,21828.0,1995.0,,1784.0,1790.0,1341.0,97.0,157.0,23.0,104.0,,,,,,,,84.0,,,,,,78.0,,,,,,82.0,89.0,61.0,0.0,19.0,9.0,1.0,0.0,0.0,1.0,0.0
Kenya,KE,KEN,404,AFR,2010,100.0,36260.0,29262.0,2344.0,1188.0,294.0,1855.0,87.0,53702.0,45526.0,3069.0,0.0,3209.0,85.0,4333.0,3176.0,259.0,260.0,110.0,352.0,10309.0,7830.0,729.0,662.0,96.0,584.0,21772.0,17940.0,1695.0,0.0,1319.0,1854.0,1318.0,143.0,162.0,30.0,132.0,,,,,,,,86.0,,,,,,79.0,,,,,,82.0,96.0,79.0,0.0,12.0,5.0,1.0,0.0,0.0,1.0,0.0
Kenya,KE,KEN,404,AFR,2011,102.0,36717.0,30409.0,1973.0,1208.0,314.0,1639.0,88.0,45517.0,38904.0,2793.0,0.0,2232.0,85.0,7235.0,5536.0,396.0,285.0,276.0,508.0,9767.0,7345.0,671.0,750.0,142.0,471.0,21328.0,17525.0,1805.0,0.0,1146.0,4001.0,1143.0,1976.0,419.0,31.0,260.0,,,,,,,,87.0,,,,,,82.0,,,,,,82.0,122.0,86.0,0.0,11.0,4.0,,,,,
Kenya,KE,KEN,404,AFR,2012,,,,,,,,,,,,,,,,,,,,,,,,,,,,,,,,,,,,,,1.0,,98443.0,84195.0,222.0,5455.0,4923.0,86.0,5316.0,4173.0,0.0,527.0,388.0,78.0,35717.0,29711.0,72.0,3185.0,1827.0,83.0,197.0,164.0,0.0,15.0,17.0,0.0,0.0,0.0,0.0,0.0
Kenya,KE,KEN,404,AFR,2013,,,,,,,,,,,,,,,,,,,,,,,,,,,,,,,,,,,,,,0.0,,81255.0,70171.0,174.0,4695.0,3954.0,86.0,8445.0,6607.0,53.0,709.0,754.0,78.0,31755.0,25174.0,70.0,3241.0,1646.0,79.0,266.0,219.0,1.0,28.0,14.0,1.0,0.0,0.0,0.0,0.0
Kenya,KE,KEN,404,AFR,2014,,,,,,,,,,,,,,,,,,,,,,,,,,,,,,,,,,,,,,1.0,,89294.0,77539.0,441.0,5666.0,3693.0,87.0,227.0,178.0,18.0,6.0,16.0,78.0,30107.0,24718.0,131.0,3286.0,1192.0,82.0,251.0,180.0,1.0,43.0,13.0,1.0,1.0,0.0,0.0,0.0
Kenya,KE,KEN,404,AFR,2015,,,,,,,,,,,,,,,,,,,,,,,,,,,,,,,,,,,,,,1.0,,80310.0,69975.0,426.0,4639.0,3429.0,87.0,224.0,185.0,15.0,3.0,17.0,83.0,25892.0,21296.0,118.0,2707.0,1105.0,82.0,330.0,241.0,0.0,51.0,14.0,1.0,1.0,0.0,0.0,0.0
Kenya,KE,KEN,404,AFR,2016,,,,,,,,,,,,,,,,,,,,,,,,,,,,,,,,,,,,,,1.0,,75705.0,61574.0,304.0,4196.0,3556.0,81.0,1048.0,737.0,9.0,64.0,167.0,70.0,22502.0,17256.0,76.0,2332.0,1047.0,77.0,308.0,208.0,3.0,54.0,24.0,0.0,0.0,0.0,0.0,0.0
Kenya,KE,KEN,404,AFR,2017,,,,,,,,,,,,,,,,,,,,,,,,,,,,,,,,,,,,,,1.0,,83088.0,69244.0,310.0,5235.0,4276.0,83.0,1583.0,1132.0,15.0,125.0,267.0,72.0,23060.0,17920.0,76.0,2720.0,1161.0,78.0,390.0,274.0,3.0,70.0,26.0,1.0,0.0,0.0,1.0,0.0
Kenya,KE,KEN,404,AFR,2018,,,,,,,,,,,,,,,,,,,,,,,,,,,,,,,,,,,,,,1.0,,94534.0,79747.0,421.0,6250.0,5182.0,84.0,1935.0,1401.0,23.0,139.0,329.0,72.0,24521.0,19370.0,91.0,3077.0,1306.0,79.0,465.0,346.0,3.0,71.0,25.0,1.0,1.0,0.0,0.0,0.0
Kenya,KE,KEN,404,AFR,2019,,,,,,,,,,,,,,,,,,,,,,,,,,,,,,,,,,,,,,1.0,,84049.0,71914.0,473.0,5248.0,4520.0,86.0,2005.0,1470.0,26.0,131.0,356.0,73.0,21421.0,17211.0,91.0,2432.0,1246.0,80.0,502.0,367.0,5.0,78.0,31.0,9.0,5.0,0.0,2.0,1.0
Kenya,KE,KEN,404,AFR,2020,,,,,,,,,,,,,,,,,,,,,,,,,,,,,,,,,,,,,,1.0,1.0,70382.0,59734.0,403.0,5065.0,3642.0,85.0,1599.0,1150.0,25.0,103.0,296.0,72.0,17497.0,13915.0,78.0,2239.0,927.0,80.0,594.0,456.0,3.0,97.0,23.0,9.0,6.0,0.0,1.0,1.0
Kenya,KE,KEN,404,AFR,2021,,,,,,,,,,,,,,,,,,,,,,,,,,,,,,,,,,,,,,1.0,1.0,75086.0,65534.0,435.0,4758.0,3640.0,87.0,1815.0,1369.0,27.0,87.0,321.0,75.0,17602.0,14470.0,75.0,1994.0,889.0,82.0,465.0,363.0,3.0,74.0,20.0,8.0,5.0,1.0,1.0,0.0
Kenya,KE,KEN,404,AFR,2022,,,,,,,,,,,,,,,,,,,,,,,,,,,,,,,,,,,,,,1.0,1.0,87689.0,77731.0,547.0,5117.0,3921.0,89.0,2154.0,1652.0,34.0,138.0,323.0,77.0,20634.0,17424.0,85.0,2099.0,940.0,84.0,327.0,257.0,1.0,55.0,9.0,11.0,10.0,0.0,1.0,0.0
Kenya,KE,KEN,404,AFR,2023,,,,,,,,,,,,,,,,,,,,,,,,,,,,,,,,,,,,,,1.0,1.0,94024.0,84083.0,490.0,4946.0,3716.0,89.0,2454.0,1903.0,34.0,107.0,395.0,78.0,23134.0,19891.0,72.0,2137.0,860.0,86.0,,,,,,,,,,
