country,iso2,iso3,iso_numeric,g_whoregion,year,e_pop_num,e_inc_100k,e_inc_100k_lo,e_inc_100k_hi,e_inc_num,e_inc_num_lo,e_inc_num_hi,e_tbhiv_prct,e_inc_tbhiv_100k,e_inc_tbhiv_100k_lo,e_inc_tbhiv_100k_hi,e_inc_tbhiv_num,e_inc_tbhiv_num_lo,e_inc_tbhiv_num_hi,e_mort_exc_tbhiv_100k,e_mort_exc_tbhiv_100k_lo,e_mort_exc_tbhiv_100k_hi,e_mort_exc_tbhiv_num,e_mort_exc_tbhiv_num_lo,e_mort_exc_tbhiv_num_hi,e_mort_tbhiv_100k,e_mort_tbhiv_100k_lo,e_mort_tbhiv_100k_hi,e_mort_tbhiv_num,e_mort_tbhiv_num_lo,e_mort_tbhiv_num_hi,e_mort_100k,e_mort_100k_lo,e_mort_100k_hi,e_mort_num,e_mort_num_lo,e_mort_num_hi,cfr,cfr_lo,cfr_hi,cfr_pct,cfr_pct_lo,cfr_pct_hi,c_newinc_100k,c_cdr,c_cdr_lo,c_cdr_hi
Kenya,KE,KEN,404,AFR,2000,30642887,451.0,182.0,839.0,138000.0,56000.0,257000.0,69.0,309.0,116.0,597.0,95000.0,35000.0,183000.0,41.0,15.0,80.0,13000.0,4600.0,24000.0,142.0,56.0,268.0,44000.0,17000.0,82000.0,183.0,89.0,311.0,56000.0,27000.0,95000.0,0.46,0.11,0.84,46.0,11.0,84.0,209.0,46.0,25.0,120.0
Kenya,KE,KEN,404,AFR,2001,31619181,499.0,178.0,982.0,158000.0,56000.0,310000.0,62.0,310.0,100.0,637.0,98000.0,32000.0,201000.0,52.0,21.0,98.0,17000.0,6500.0,31000.0,143.0,49.0,285.0,45000.0,16000.0,90000.0,195.0,90.0,340.0,62000.0,28000.0,107000.0,0.46,0.09,0.86,46.0,9.0,86.0,231.0,46.0,24.0,130.0
Kenya,KE,KEN,404,AFR,2002,32629818,534.0,174.0,1090.0,174000.0,57000.0,356000.0,57.0,306.0,87.0,657.0,100000.0,29000.0,215000.0,61.0,25.0,112.0,20000.0,8200.0,37000.0,141.0,44.0,295.0,46000.0,14000.0,96000.0,202.0,91.0,358.0,66000.0,30000.0,117000.0,0.45,0.08,0.86,45.0,8.0,86.0,246.0,46.0,23.0,140.0
Kenya,KE,KEN,404,AFR,2003,33652217,610.0,161.0,1350.0,205000.0,54000.0,455000.0,54.0,329.0,74.0,770.0,111000.0,25000.0,259000.0,73.0,31.0,134.0,25000.0,10000.0,45000.0,153.0,38.0,344.0,51000.0,13000.0,116000.0,226.0,92.0,418.0,76000.0,31000.0,141000.0,0.47,0.06,0.9,47.0,6.0,90.0,280.0,46.0,21.0,170.0
Kenya,KE,KEN,404,AFR,2004,34713455,634.0,155.0,1440.0,220000.0,54000.0,500000.0,52.0,329.0,68.0,792.0,114000.0,23000.0,275000.0,78.0,33.0,142.0,27000.0,12000.0,49000.0,153.0,35.0,354.0,53000.0,12000.0,123000.0,231.0,92.0,432.0,80000.0,32000.0,150000.0,0.47,0.06,0.91,47.0,6.0,91.0,290.0,46.0,20.0,190.0
Kenya,KE,KEN,404,AFR,2005,35796484,630.0,156.0,1420.0,225000.0,56000.0,510000.0,52.0,325.0,67.0,780.0,116000.0,24000.0,279000.0,77.0,32.0,140.0,27000.0,12000.0,50000.0,151.0,35.0,350.0,54000.0,13000.0,125000.0,228.0,91.0,427.0,82000.0,32000.0,153000.0,0.46,0.06,0.9,46.0,6.0,90.0,287.0,46.0,20.0,180.0
Kenya,KE,KEN,404,AFR,2006,36904012,646.0,153.0,1490.0,239000.0,56000.0,549000.0,52.0,337.0,76.0,786.0,124000.0,28000.0,290000.0,78.0,44.0,122.0,29000.0,16000.0,45000.0,157.0,40.0,352.0,58000.0,15000.0,130000.0,235.0,101.0,426.0,87000.0,37000.0,157000.0,0.47,0.06,0.91,47.0,6.0,91.0,294.0,45.0,20.0,190.0
Kenya,KE,KEN,404,AFR,2007,38036346,618.0,159.0,1380.0,235000.0,60000.0,525000.0,48.0,296.0,73.0,671.0,112000.0,28000.0,255000.0,81.0,45.0,127.0,31000.0,17000.0,48000.0,138.0,38.0,302.0,53000.0,14000.0,115000.0,219.0,102.0,381.0,83000.0,39000.0,145000.0,0.45,0.08,0.87,45.0,8.0,87.0,280.0,45.0,20.0,180.0
Kenya,KE,KEN,404,AFR,2008,39206352,564.0,169.0,1190.0,221000.0,66000.0,467000.0,45.0,254.0,73.0,545.0,100000.0,29000.0,214000.0,78.0,44.0,123.0,31000.0,17000.0,48000.0,119.0,37.0,247.0,47000.0,15000.0,97000.0,197.0,100.0,326.0,77000.0,39000.0,128000.0,0.43,0.09,0.81,43.0,9.0,81.0,255.0,45.0,21.0,150.0
Kenya,KE,KEN,404,AFR,2009,40408892,566.0,169.0,1200.0,229000.0,68000.0,484000.0,44.0,249.0,71.0,535.0,101000.0,29000.0,216000.0,80.0,45.0,125.0,32000.0,18000.0,51000.0,117.0,37.0,243.0,47000.0,15000.0,98000.0,197.0,101.0,324.0,79000.0,41000.0,131000.0,0.43,0.09,0.81,43.0,9.0,81.0,255.0,45.0,21.0,150.0
Kenya,KE,KEN,404,AFR,2010,41598564,531.0,174.0,1080.0,221000.0,73000.0,449000.0,41.0,218.0,69.0,451.0,91000.0,29000.0,188000.0,79.0,44.0,124.0,33000.0,18000.0,52000.0,102.0,35.0,205.0,43000.0,14000.0,85000.0,181.0,99.0,288.0,75000.0,41000.0,120000.0,0.41,0.1,0.77,41.0,10.0,77.0,239.0,45.0,22.0,140.0
Kenya,KE,KEN,404,AFR,2011,42758459,506.0,177.0,1000.0,217000.0,76000.0,429000.0,39.0,199.0,67.0,402.0,85000.0,29000.0,172000.0,77.0,43.0,121.0,33000.0,19000.0,52000.0,93.0,34.0,183.0,40000.0,14000.0,78000.0,171.0,96.0,266.0,73000.0,41000.0,114000.0,0.4,0.11,0.74,40.0,11.0,74.0,228.0,45.0,23.0,130.0
Kenya,KE,KEN,404,AFR,2012,43888296,471.0,181.0,897.0,207000.0,79000.0,394000.0,38.0,179.0,66.0,348.0,79000.0,29000.0,153000.0,74.0,41.0,115.0,32000.0,18000.0,51000.0,84.0,33.0,159.0,37000.0,14000.0,70000.0,158.0,92.0,240.0,69000.0,41000.0,105000.0,0.39,0.12,0.7,39.0,12.0,70.0,212.0,45.0,24.0,120.0
Kenya,KE,KEN,404,AFR,2013,44986784,443.0,182.0,816.0,199000.0,82000.0,367000.0,37.0,166.0,65.0,313.0,75000.0,29000.0,141000.0,70.0,39.0,109.0,31000.0,18000.0,49000.0,78.0,32.0,143.0,35000.0,14000.0,64000.0,148.0,89.0,221.0,66000.0,40000.0,99000.0,0.38,0.12,0.68,38.0,12.0,68.0,200.0,45.0,24.0,110.0
Kenya,KE,KEN,404,AFR,2014,46051444,423.0,183.0,761.0,195000.0,84000.0,351000.0,36.0,150.0,62.0,277.0,69000.0,29000.0,127000.0,69.0,38.0,107.0,32000.0,18000.0,49000.0,70.0,30.0,127.0,32000.0,14000.0,58000.0,139.0,86.0,205.0,64000.0,39000.0,94000.0,0.37,0.13,0.65,37.0,13.0,65.0,191.0,45.0,25.0,100.0
Kenya,KE,KEN,404,AFR,2015,47088531,380.0,182.0,651.0,179000.0,86000.0,307000.0,33.0,126.0,58.0,222.0,60000.0,27000.0,104000.0,64.0,36.0,100.0,30000.0,17000.0,47000.0,59.0,28.0,102.0,28000.0,13000.0,48000.0,123.0,79.0,177.0,58000.0,37000.0,83000.0,0.36,0.14,0.61,36.0,14.0,61.0,173.0,45.0,27.0,95.0
Kenya,KE,KEN,404,AFR,2016,48139684,348.0,179.0,573.0,168000.0,86000.0,276000.0,31.0,109.0,53.0,184.0,53000.0,26000.0,89000.0,60.0,34.0,94.0,29000.0,16000.0,45000.0,51.0,25.0,85.0,24000.0,12000.0,41000.0,111.0,72.0,157.0,53000.0,35000.0,76000.0,0.35,0.15,0.58,35.0,15.0,58.0,159.0,46.0,28.0,89.0
Kenya,KE,KEN,404,AFR,2017,49197766,319.0,175.0,505.0,157000.0,86000.0,248000.0,29.0,91.0,48.0,149.0,45000.0,23000.0,73000.0,50.0,28.0,78.0,25000.0,14000.0,39000.0,38.0,20.0,60.0,18000.0,9900.0,30000.0,88.0,59.0,123.0,43000.0,29000.0,61000.0,0.3,0.14,0.48,30.0,14.0,48.0,170.0,53.0,34.0,97.0
Kenya,KE,KEN,404,AFR,2018,50207108,292.0,170.0,446.0,146000.0,85000.0,224000.0,27.0,79.0,43.0,124.0,40000.0,22000.0,62000.0,38.0,22.0,59.0,19000.0,11000.0,29000.0,26.0,15.0,41.0,13000.0,7500.0,20000.0,64.0,44.0,89.0,32000.0,22000.0,45000.0,0.23,0.12,0.38,23.0,12.0,38.0,188.0,65.0,42.0,110.0
Kenya,KE,KEN,404,AFR,2019,51202835,267.0,163.0,396.0,137000.0,84000.0,203000.0,26.0,70.0,40.0,107.0,36000.0,21000.0,55000.0,37.0,21.0,58.0,19000.0,11000.0,30000.0,25.0,15.0,38.0,13000.0,7500.0,19000.0,62.0,42.0,86.0,32000.0,22000.0,44000.0,0.24,0.13,0.39,24.0,13.0,39.0,165.0,62.0,42.0,100.0
Kenya,KE,KEN,404,AFR,2020,52217341,248.0,150.0,377.0,129000.0,79000.0,197000.0,26.0,62.0,38.0,89.0,32000.0,20000.0,47000.0,38.0,22.0,59.0,20000.0,11000.0,31000.0,22.0,14.0,34.0,12000.0,7300.0,18000.0,60.0,40.0,83.0,31000.0,21000.0,43000.0,0.25,0.13,0.41,25.0,13.0,41.0,136.0,55.0,36.0,90.0
Kenya,KE,KEN,404,AFR,2021,53219163,247.0,145.0,377.0,132000.0,77000.0,201000.0,26.0,60.0,34.0,88.0,32000.0,18000.0,47000.0,40.0,23.0,61.0,21000.0,12000.0,33000.0,22.0,13.0,33.0,12000.0,7100.0,18000.0,62.0,41.0,85.0,33000.0,22000.0,45000.0,0.26,0.13,0.42,26.0,13.0,42.0,143.0,58.0,38.0,98.0
Kenya,KE,KEN,404,AFR,2022,54252466,238.0,136.0,375.0,129000.0,74000.0,204000.0,24.0,54.0,31.0,80.0,29000.0,17000.0,43000.0,31.0,16.0,53.0,17000.0,8500.0,29000.0,17.0,9.7,26.0,9100.0,5200.0,14000.0,48.0,29.0,71.0,26000.0,16000.0,39000.0,0.22,0.1,0.37,22.0,10.0,37.0,163.0,69.0,44.0,120.0
Kenya,KE,KEN,404,AFR,2023,55339007,214.0,118.0,344.0,119000.0,65000.0,190000.0,23.0,46.0,25.0,68.0,25000.0,14000.0,38000.0,28.0,14.0,47.0,15000.0,7600.0,26000.0,14.0,7.0,23.0,7700.0,3900.0,12000.0,42.0,24.0,63.0,23000.0,13000.0,35000.0,0.21,0.09,0.36,21.0,9.0,36.0,171.0,80.0,50.0,150.0
Kenya,KE,KEN,404,AFR,2024,56432943,207.0,109.0,339.0,117000.0,61000.0,191000.0,23.0,44.0,22.0,69.0,25000.0,12000.0,39000.0,29.0,14.0,49.0,16000.0,7900.0,28000.0,14.0,6.6,23.0,8000.0,3700.0,13000.0,43.0,24.0,64.0,24000.0,13000.0,36000.0,0.22,0.09,0.39,22.0,9.0,39.0,168.0,81.0,50.0,150.0
