country,iso2,iso3,iso_numeric,g_whoregion,year,new_sp,new_sn,new_su,new_ep,new_oth,ret_rel,ret_taf,ret_tad,ret_oth,newret_oth,new_labconf,new_clindx,ret_rel_labconf,ret_rel_clindx,ret_rel_ep,ret_nrel,notif_foreign,c_newinc,new_sp_m04,new_sp_m514,new_sp_m014,new_sp_m1524,new_sp_m2534,new_sp_m3544,new_sp_m4554,new_sp_m5564,new_sp_m65,new_sp_mu,new_sp_f04,new_sp_f514,new_sp_f014,new_sp_f1524,new_sp_f2534,new_sp_f3544,new_sp_f4554,new_sp_f5564,new_sp_f65,new_sp_fu,new_sn_m04,new_sn_m514,new_sn_m014,new_sn_m1524,new_sn_m2534,new_sn_m3544,new_sn_m4554,new_sn_m5564,new_sn_m65,new_sn_m15plus,new_sn_mu,new_sn_f04,new_sn_f514,new_sn_f014,new_sn_f1524,new_sn_f2534,new_sn_f3544,new_sn_f4554,new_sn_f5564,new_sn_f65,new_sn_f15plus,new_sn_fu,new_ep_m514,new_ep_m014,new_ep_m1524,new_ep_m2534,new_ep_m3544,new_ep_m4554,new_ep_m5564,new_ep_m65,new_ep_m15plus,new_ep_mu,new_ep_f04,new_ep_f514,new_ep_f014,new_ep_f1524,new_ep_f2534,new_ep_f3544,new_ep_f4554,new_ep_f5564,new_ep_f65,new_ep_f15plus,new_ep_fu,rel_in_agesex_flg,agegroup_option,newrel_m04,newrel_m59,newrel_m1014,newrel_m514,newrel_m014,newrel_m1519,newrel_m2024,newrel_m1524,newrel_m2534,newrel_m3544,newrel_m4554,newrel_m5564,newrel_m65,newrel_m15plus,newrel_mu,newrel_f04,newrel_f59,newrel_f1014,newrel_f514,newrel_f014,newrel_f1519,newrel_f2024,newrel_f1524,newrel_f2534,newrel_f3544,newrel_f4554,newrel_f5564,newrel_f65,newrel_f15plus,newrel_fu,rdx_data_available,newinc_rdx,newinc_pulm_labconf_rdx,newinc_pulm_clindx_rdx,newinc_ep_rdx,nrr,nrr_tx,rdst_new,rdst_ret,rdst_unk,conf_rrmdr,conf_mdr,rr_sldst,all_conf_xdr,conf_rr_nfqr,conf_rr_fqr,unconf_rrmdr_tx,conf_rrmdr_tx,rrmdr_014_tx,rr_nfqr_014_tx,unconf_mdr_tx,conf_mdr_tx,conf_xdr_tx,unconf_rr_nfqr_tx,conf_rr_nfqr_tx,conf_rr_fqr_tx,nrr_hpmz_used,nrr_2hrze2hr_used,nrr_2hrze2hr_tx,mdrxdr_bpalm_used,mdrxdr_bdq_used,mdrxdr_bdq_tx,mdrxdr_alloral_used,mdrxdr_alloral_tx,mdrxdr_dlm_used,mdrxdr_dlm_tx,mdr_shortreg_used,mdr_shortreg_tx,mdr_tx_adverse_events,mdr_alloral_short_used,mdr_alloral_short_tx,dr_6m_used,dr_6m_tx,dr_9m_used,dr_9m_tx,dr_18mplus_used,dr_18mplus_tx,mdr_tx_adsm,newrel_tbhiv_flg,newrel_hivtest,newrel_hivpos,newrel_art,tbhiv_014_flg,newrel_hivtest_014,newrel_hivpos_014,newrel_art_014,hivtest,hivtest_pos,hiv_cpt,hiv_art,hiv_tbscr,hiv_reg,hiv_ipt,hiv_reg_new,hiv_ipt_reg_all,hiv_reg_all,hiv_tbdetect,hiv_reg_new2,hiv_elig_all_tpt,hiv_elig_all,hiv_elig_new_tpt,hiv_elig_new,hiv_all_tpt,hiv_all,hiv_new_tpt,hiv_new,hiv_all_tpt_completed,hiv_all_tpt_started
Kenya,KE,KEN,404,AFR,1980,,,,,,,,,,,,,,,,,,11049.0,,,,,,,,,,,,,,,,,,,,,,,,,,,,,,,,,,,,,,,,,,,,,,,,,,,,,,,,,,,,,,,,,,,,,,,,,,,,,,,,,,,,,,,,,,,,,,,,,,,,,,,,,,,,,,,,,,,,,,,,,,,,,,,,,,,,,,,,,,,,,,,,,,,,,,,,,,,,,,,,,,,,,,,,,,,,,
Kenya,KE,KEN,404,AFR,1981,,,,,,,,,,,,,,,,,,10027.0,,,,,,,,,,,,,,,,,,,,,,,,,,,,,,,,,,,,,,,,,,,,,,,,,,,,,,,,,,,,,,,,,,,,,,,,,,,,,,,,,,,,,,,,,,,,,,,,,,,,,,,,,,,,,,,,,,,,,,,,,,,,,,,,,,,,,,,,,,,,,,,,,,,,,,,,,,,,,,,,,,,,,,,,,,,,,
Kenya,KE,KEN,404,AFR,1982,,,,,,,,,,,,,,,,,,,,,,,,,,,,,,,,,,,,,,,,,,,,,,,,,,,,,,,,,,,,,,,,,,,,,,,,,,,,,,,,,,,,,,,,,,,,,,,,,,,,,,,,,,,,,,,,,,,,,,,,,,,,,,,,,,,,,,,,,,,,,,,,,,,,,,,,,,,,,,,,,,,,,,,,,,,,,,,,,,,,,,,,,,,,,,,
Kenya,KE,KEN,404,AFR,1983,,,,,,,,,,,,,,,,,,11966.0,,,,,,,,,,,,,,,,,,,,,,,,,,,,,,,,,,,,,,,,,,,,,,,,,,,,,,,,,,,,,,,,,,,,,,,,,,,,,,,,,,,,,,,,,,,,,,,,,,,,,,,,,,,,,,,,,,,,,,,,,,,,,,,,,,,,,,,,,,,,,,,,,,,,,,,,,,,,,,,,,,,,,,,,,,,,,
Kenya,KE,KEN,404,AFR,1984,,,,,,,,,,,,,,,,,,,,,,,,,,,,,,,,,,,,,,,,,,,,,,,,,,,,,,,,,,,,,,,,,,,,,,,,,,,,,,,,,,,,,,,,,,,,,,,,,,,,,,,,,,,,,,,,,,,,,,,,,,,,,,,,,,,,,,,,,,,,,,,,,,,,,,,,,,,,,,,,,,,,,,,,,,,,,,,,,,,,,,,,,,,,,,,
Kenya,KE,KEN,404,AFR,1985,,,,,,,,,,,,,,,,,,10460.0,,,,,,,,,,,,,,,,,,,,,,,,,,,,,,,,,,,,,,,,,,,,,,,,,,,,,,,,,,,,,,,,,,,,,,,,,,,,,,,,,,,,,,,,,,,,,,,,,,,,,,,,,,,,,,,,,,,,,,,,,,,,,,,,,,,,,,,,,,,,,,,,,,,,,,,,,,,,,,,,,,,,,,,,,,,,,
Kenya,KE,KEN,404,AFR,1986,,,,,,,,,,,,,,,,,,10022.0,,,,,,,,,,,,,,,,,,,,,,,,,,,,,,,,,,,,,,,,,,,,,,,,,,,,,,,,,,,,,,,,,,,,,,,,,,,,,,,,,,,,,,,,,,,,,,,,,,,,,,,,,,,,,,,,,,,,,,,,,,,,,,,,,,,,,,,,,,,,,,,,,,,,,,,,,,,,,,,,,,,,,,,,,,,,,
Kenya,KE,KEN,404,AFR,1987,5900.0,,,,,,,,,,,,,,,,,10515.0,,,,,,,,,,,,,,,,,,,,,,,,,,,,,,,,,,,,,,,,,,,,,,,,,,,,,,,,,,,,,,,,,,,,,,,,,,,,,,,,,,,,,,,,,,,,,,,,,,,,,,,,,,,,,,,,,,,,,,,,,,,,,,,,,,,,,,,,,,,,,,,,,,,,,,,,,,,,,,,,,,,,,,,,,,,,,
Kenya,KE,KEN,404,AFR,1988,6400.0,,,,,,,,,,,,,,,,,10957.0,,,,,,,,,,,,,,,,,,,,,,,,,,,,,,,,,,,,,,,,,,,,,,,,,,,,,,,,,,,,,,,,,,,,,,,,,,,,,,,,,,,,,,,,,,,,,,,,,,,,,,,,,,,,,,,,,,,,,,,,,,,,,,,,,,,,,,,,,,,,,,,,,,,,,,,,,,,,,,,,,,,,,,,,,,,,,
Kenya,KE,KEN,404,AFR,1989,6600.0,,,,,,,,,,,,,,,,,12592.0,,,,,,,,,,,,,,,,,,,,,,,,,,,,,,,,,,,,,,,,,,,,,,,,,,,,,,,,,,,,,,,,,,,,,,,,,,,,,,,,,,,,,,,,,,,,,,,,,,,,,,,,,,,,,,,,,,,,,,,,,,,,,,,,,,,,,,,,,,,,,,,,,,,,,,,,,,,,,,,,,,,,,,,,,,,,,
Kenya,KE,KEN,404,AFR,1990,6800.0,,,,,,,,,,,,,,,,,11788.0,,,,,,,,,,,,,,,,,,,,,,,,,,,,,,,,,,,,,,,,,,,,,,,,,,,,,,,,,,,,,,,,,,,,,,,,,,,,,,,,,,,,,,,,,,,,,,,,,,,,,,,,,,,,,,,,,,,,,,,,,,,,,,,,,,,,,,,,,,,,,,,,,,,,,,,,,,,,,,,,,,,,,,,,,,,,,
Kenya,KE,KEN,404,AFR,1991,7000.0,,,,,,,,,,,,,,,,,12320.0,,,,,,,,,,,,,,,,,,,,,,,,,,,,,,,,,,,,,,,,,,,,,,,,,,,,,,,,,,,,,,,,,,,,,,,,,,,,,,,,,,,,,,,,,,,,,,,,,,,,,,,,,,,,,,,,,,,,,,,,,,,,,,,,,,,,,,,,,,,,,,,,,,,,,,,,,,,,,,,,,,,,,,,,,,,,,
Kenya,KE,KEN,404,AFR,1992,7700.0,,,,,,,,,,,,,,,,,14599.0,,,,,,,,,,,,,,,,,,,,,,,,,,,,,,,,,,,,,,,,,,,,,,,,,,,,,,,,,,,,,,,,,,,,,,,,,,,,,,,,,,,,,,,,,,,,,,,,,,,,,,,,,,,,,,,,,,,,,,,,,,,,,,,,,,,,,,,,,,,,,,,,,,,,,,,,,,,,,,,,,,,,,,,,,,,,,
Kenya,KE,KEN,404,AFR,1993,10149.0,,,,,,,,,,,,,,,,,20451.0,,,,,,,,,,,,,,,,,,,,,,,,,,,,,,,,,,,,,,,,,,,,,,,,,,,,,,,,,,,,,,,,,,,,,,,,,,,,,,,,,,,,,,,,,,,,,,,,,,,,,,,,,,,,,,,,,,,,,,,,,,,,,,,,,,,,,,,,,,,,,,,,,,,,,,,,,,,,,,,,,,,,,,,,,,,,,
Kenya,KE,KEN,404,AFR,1994,11324.0,,,,,,,,,,,,,,,,,22930.0,,,,,,,,,,,,,,,,,,,,,,,,,,,,,,,,,,,,,,,,,,,,,,,,,,,,,,,,,,,,,,,,,,,,,,,,,,,,,,,,,,,,,,,,,,,,,,,,,,,,,,,,,,,,,,,,,,,,,,,,,,,,,,,,,,,,,,,,,,,,,,,,,,,,,,,,,,,,,,,,,,,,,,,,,,,,,
Kenya,KE,KEN,404,AFR,1995,13934.0,9676.0,,3468.0,,1064.0,,,,,,,,,,,,28142.0,,,154.0,2072.0,3073.0,1675.0,920.0,485.0,296.0,,,,187.0,1802.0,1759.0,741.0,411.0,242.0,117.0,,,,,,,,,,,,,,,,,,,,,,,,,,,,,,,,,,,,,,,,,,,,,,,,,,,,,,,,,,,,,,,,,,,,,,,,,,,,,,,,,,,,,,,,,,,,,,,,,,,,,,,,,,,,,,,,,,,,,,,,,,,,,,,,,,,,,,,,,,,,,,,,,,,,,,,,,,
Kenya,KE,KEN,404,AFR,1996,16978.0,11946.0,,4790.0,,1266.0,,,,,,,,,,,,34980.0,,,151.0,2492.0,3820.0,2097.0,993.0,498.0,311.0,,,,252.0,2290.0,2327.0,926.0,462.0,245.0,114.0,,,,,,,,,,,,,,,,,,,,,,,,,,,,,,,,,,,,,,,,,,,,,,,,,,,,,,,,,,,,,,,,,,,,,,,,,,,,,,,,,,,,,,,,,,,,,,,,,,,,,,,,,,,,,,,,,,,,,,,,,,,,,,,,,,,,,,,,,,,,,,,,,,,,,,,,,,
Kenya,KE,KEN,404,AFR,1997,19040.0,14340.0,,5279.0,,1079.0,65.0,242.0,307.0,,,,,,,,,39738.0,,,53.0,2881.0,4374.0,2333.0,1100.0,482.0,284.0,,,,242.0,2573.0,2604.0,1086.0,499.0,242.0,103.0,,,,,,,,,,,,,,,,,,,,,,,,,,,,,,,,,,,,,,,,,,,,,,,,,,,,,,,,,,,,,,,,,,,,,,,,,,,,,,,,,,,,,,,,,,,,,,,,,,,,,,,,,,,,,,,,,,,,,,,,,,,,,,,,,,,,,,,,,,,,,,,,,,,,,,,,,,
Kenya,KE,KEN,404,AFR,1998,24029.0,17487.0,,6065.0,,1355.0,44.0,433.0,477.0,,,,,,,,,48936.0,,,210.0,3372.0,5477.0,2983.0,1378.0,626.0,382.0,,,,318.0,3315.0,3469.0,1378.0,656.0,324.0,141.0,,,,,,,,,,,,,,,,,,,,,,,,,,,,,,,,,,,,,,,,,,,,,,,,,,,,,,,,,,,,,,,,,,,,,,,,,,,,,,,,,,,,,,,,,,,,,,,,,,,,,,,,,,,,,,,,,,,,,,,,,,,,,,,,,,,,,,,,,,,,,,,,,,,,,,,,,,
Kenya,KE,KEN,404,AFR,1999,27197.0,20667.0,,7889.0,,1513.0,52.0,368.0,420.0,,,,,,,,,57266.0,,,237.0,3835.0,6078.0,3349.0,1545.0,645.0,405.0,,,,373.0,3850.0,3997.0,1596.0,760.0,348.0,179.0,,,,,,,,,,,,,,,,,,,,,,,,,,,,,,,,,,,,,,,,,,,,,,,,,,,,,,,,,,,,,,,,,,,,,,,,,,,,,,,,,,,,,,,,,,,,,,,,,,,,,,,,,,,,,,,,,,,,,,,,,,,,,,,,,,,,,,,,,,,,,,,,,,,,,,,,,,
Kenya,KE,KEN,404,AFR,2000,28773.0,24143.0,0.0,9118.0,,1773.0,35.0,317.0,352.0,,,,,,,,,64159.0,,,264.0,3739.0,6653.0,3548.0,1630.0,630.0,414.0,,,,416.0,3916.0,4363.0,1874.0,831.0,347.0,148.0,,,,,,,,,,,,,,,,,,,,,,,,,,,,,,,,,,,,,,,,,,,,,,,,,,,,,,,,,,,,,,,,,,,,,,,,,,,,,,,,,,,,,,,,,,,,,,,,,,,,,,,,,,,,,,,,,,,,,,,,,,,,,,,,,,,,,,,,,,,,,,,,,,,,,,,,,,
Kenya,KE,KEN,404,AFR,2001,31307.0,28097.0,0.0,10723.0,,2294.0,50.0,546.0,596.0,,,,,,,,,73017.0,,,299.0,4083.0,7070.0,3903.0,1771.0,723.0,443.0,,,,464.0,4116.0,4822.0,2063.0,935.0,394.0,221.0,,,,,,,,,,,,,,,,,,,,,,,,,,,,,,,,,,,,,,,,,,,,,,,,,,,,,,,,,,,,,,,,,,,,,,,,,,,,,,,,,,,,,,,,,,,,,,,,,,,,,,,,,,,,,,,,,,,,,,,,,,,,,,,,,,,,,,,,,,,,,,,,,,,,,,,,,,
Kenya,KE,KEN,404,AFR,2002,34337.0,31765.0,,11578.0,,2503.0,,,1931.0,,,,,,,,,80183.0,,,299.0,4445.0,7708.0,4306.0,2023.0,807.0,433.0,,,,392.0,4542.0,5465.0,2267.0,996.0,445.0,190.0,,,,,,,,,,,,,,,,,,,,,,,,,,,,,,,,,,,,,,,,,,,,,,,,,,,,,,,,,,,,,,,,,,,,,,,,,,,,,,,,,,,,,,,,,,,,,,,,,,,,,,,,,,,,,,,,,,,,,,,,,,,,,,,,,,,,,,,,,,,,,,,,,,,,,,,,,,
Kenya,KE,KEN,404,AFR,2003,38158.0,37135.0,,13403.0,,2826.0,104.0,1023.0,,2661.0,,,,,,,,94183.0,,,341.0,4918.0,8515.0,4560.0,2167.0,928.0,567.0,,,,487.0,5003.0,6023.0,2618.0,1171.0,551.0,309.0,,,,,,,,,,,,,,,,,,,,,,,,,,,,,,,,,,,,,,,,,,,,,,,,,,,,,,,,,,,,,,,,,,,,,,,,,,,,,,,,,,,,,,,,,,,,,,,,,,,,,,,,,,,,,,,,,,,,,,,,,,,,,,,,,,,,,,,,,,,,,,,,,,,,,,,,,,
Kenya,KE,KEN,404,AFR,2004,41167.0,41220.0,0.0,14949.0,,3237.0,72.0,1174.0,3999.0,,41167.0,,,,,,,100573.0,,,391.0,5388.0,9016.0,5142.0,2404.0,973.0,576.0,,,,519.0,5458.0,6326.0,2850.0,1236.0,558.0,312.0,,,,,,,,,,,,,,,,,,,,,,,,,,,,,,,,,,,,,,,,,,,,,,,,,,,,,,,,,,,,,,,,,,,,,,,,,,,,,,,,,,,,,,,,,,,,,,,,,,,,,,,,,,,,,,,,,,,,,,,,,,,,,,,,,,,,,20000.0,12000.0,,,,,,,,,,,,,,,,,,,,
Kenya,KE,KEN,404,AFR,2005,40389.0,43772.0,,15265.0,,3254.0,81.0,1278.0,4362.0,,40389.0,,,,,,,102680.0,,,359.0,4790.0,8832.0,5069.0,2521.0,1031.0,590.0,,,,577.0,5144.0,6521.0,2781.0,1266.0,593.0,315.0,,,,,,,,,,,,,,,,,,,,,,,,,,,,,,,,,,,,,,,,,,,,,,,,,,,,,,,,,,,,,,,,,,,,,,,,,,,,,,,,,,,,,,,,,,,,,,,,,,,,,,,,,,,,,,,,,,,,,,,,,,,,,,,,,,,,,15658.0,8954.0,3940.0,1546.0,,,,,,,,,,,,,,,,,,
Kenya,KE,KEN,404,AFR,2006,39154.0,42686.0,5652.0,17443.0,,3407.0,121.0,1657.0,5114.0,,39154.0,,,,,,,108342.0,,,387.0,4708.0,8229.0,4975.0,2467.0,1037.0,645.0,,,,583.0,4953.0,6052.0,2792.0,1343.0,604.0,379.0,,,,,,,,,,,,,,,,,,,,,,,,,,,,,,,,,,,,,,,,,,,,,,,,,,,,,,,,,,,,,,,,,,,,,,,,,,,,,,,,,,,,,,,,,,,,,,,,,,,,,,,,,,,,,,,,,,,,,,,,,,,,,,,,,,,,,69337.0,36136.0,50916.0,15447.0,,230655.0,,,,,,,,,,,,,,,,
Kenya,KE,KEN,404,AFR,2007,38360.0,42852.0,7017.0,18032.0,0.0,177.0,3285.0,1841.0,5159.0,0.0,41945.0,,,,,,0.0,106438.0,23.0,451.0,474.0,4752.0,8132.0,4959.0,2361.0,1084.0,601.0,,24.0,575.0,599.0,4594.0,5979.0,2774.0,1180.0,542.0,329.0,,,,,,,,,,,,,,,,,,,,,,,,,,,,,,,,,,,,,,,,,,,,,,,,,,,,,,,,,,,,,,,,,,,,,,,,,,,,,,,,,,,,,,,,,,,,,,,,,,,,,,,,,,,,,,,,,,,,,,,,,,,,,,,,,,,,,91841.0,43954.0,40954.0,16324.0,0.0,461483.0,0.0,,,,,,,,,,,,,,,
Kenya,KE,KEN,404,AFR,2008,36811.0,35232.0,10883.0,16881.0,0.0,134.0,3225.0,1989.0,5096.0,0.0,40170.0,,,,,,0.0,99941.0,40.0,411.0,451.0,4709.0,8128.0,4924.0,2302.0,1025.0,583.0,0.0,40.0,546.0,586.0,4355.0,5475.0,2431.0,1065.0,481.0,296.0,0.0,484.0,1006.0,1490.0,2154.0,3927.0,3516.0,2117.0,1104.0,902.0,13720.0,0.0,412.0,1011.0,1423.0,2406.0,4188.0,2778.0,1537.0,826.0,647.0,12382.0,0.0,666.0,1076.0,1040.0,1839.0,1416.0,794.0,418.0,257.0,5764.0,0.0,344.0,602.0,946.0,1118.0,1806.0,1090.0,567.0,301.0,203.0,5085.0,0.0,,,,,,,,,,,,,,,,,,,,,,,,,,,,,,,,,,,,,,,,,,,,,,,,,,,,,,28.0,,,,,,,,,,,,,,,,,,,,,,,,,,,,,,,,,,,91463.0,41174.0,37757.0,12426.0,0.0,860445.0,0.0,,,,,,,,,,,,,,,
Kenya,KE,KEN,404,AFR,2009,37402.0,32787.0,11727.0,17438.0,,3643.0,182.0,,6886.0,,37402.0,,,,,,,102997.0,48.0,422.0,470.0,4667.0,8081.0,5067.0,2565.0,1030.0,659.0,0.0,56.0,606.0,662.0,4306.0,5387.0,2512.0,1104.0,540.0,352.0,0.0,334.0,921.0,1255.0,2363.0,4789.0,4109.0,2404.0,1274.0,1130.0,16069.0,0.0,324.0,948.0,1272.0,2533.0,4921.0,3303.0,1550.0,977.0,707.0,13991.0,0.0,898.0,1638.0,1366.0,2366.0,2006.0,1110.0,508.0,407.0,7763.0,0.0,547.0,799.0,1346.0,1412.0,2394.0,1491.0,730.0,361.0,303.0,6691.0,0.0,,,,,,,,,,,,,,,,,,,,,,,,,,,,,,,,,,,,,,,,,,,,,,,,,,,,,,140.0,,,,,,,,,,,,,,,,,,,,,,,,,,,,,,,,,,,96676.0,42294.0,38989.0,14250.0,14116.0,,,,,,,,,,,,,,,,,
Kenya,KE,KEN,404,AFR,2010,36260.0,31842.0,10120.0,17382.0,0.0,3668.0,245.0,1502.0,5064.0,0.0,40173.0,,,,,,,99272.0,26.0,331.0,357.0,4698.0,7945.0,5077.0,2509.0,994.0,658.0,,17.0,532.0,549.0,4044.0,5112.0,2372.0,1056.0,544.0,345.0,,211.0,827.0,1038.0,2189.0,4427.0,4131.0,2491.0,1363.0,1291.0,15892.0,,198.0,846.0,1044.0,2410.0,4640.0,3156.0,1767.0,1047.0,848.0,13868.0,,783.0,1485.0,1341.0,2383.0,1975.0,1101.0,536.0,511.0,7847.0,,535.0,713.0,1248.0,1375.0,2368.0,1567.0,743.0,396.0,353.0,6802.0,,,,,,,,,,,,,,,,,,,,,,,,,,,,,,,,,,,,,,,,,,,,,112.0,,,,,,,,,0.0,118.0,,,,,,,,,,,,,,,,,,,,,,,,,,,,,,,,,,,96930.0,40069.0,39952.0,19331.0,,,,,,,,,,,,,,,,,,
Kenya,KE,KEN,404,AFR,2011,37085.0,30394.0,9416.0,17069.0,0.0,3356.0,263.0,,6398.0,0.0,37085.0,,,,,,,97320.0,19.0,337.0,356.0,4773.0,8376.0,5201.0,2660.0,1045.0,665.0,0.0,26.0,603.0,629.0,4183.0,4917.0,2434.0,1025.0,477.0,344.0,0.0,180.0,820.0,1000.0,2279.0,4279.0,3957.0,2453.0,1296.0,1220.0,15484.0,,148.0,860.0,1008.0,2309.0,4162.0,2979.0,1641.0,996.0,815.0,12902.0,,833.0,1498.0,1375.0,2317.0,2007.0,1140.0,571.0,471.0,7881.0,0.0,559.0,738.0,1297.0,1339.0,2193.0,1450.0,689.0,387.0,335.0,6393.0,0.0,,,,,,,,,,,,,,,,,,,,,,,,,,,,,,,,,,,,,,,,,,,,166.0,,,,,,,,,0.0,156.0,1.0,,,,,,,,,,,,,,,,,,,,,,,,,,,,,,,,,,97136.0,38175.0,37147.0,24497.0,,,,,,,,,,,,,,,,,,
Kenya,KE,KEN,404,AFR,2012,36937.0,28574.0,8123.0,15934.0,0.0,3419.0,326.0,1408.0,4428.0,0.0,36937.0,,,,,,0.0,92987.0,15.0,378.0,393.0,4893.0,8149.0,5302.0,2493.0,1099.0,669.0,,25.0,578.0,603.0,4097.0,4975.0,2363.0,993.0,529.0,379.0,,111.0,831.0,942.0,2079.0,4012.0,3699.0,2235.0,1317.0,1279.0,14621.0,0.0,135.0,830.0,965.0,2149.0,3841.0,2753.0,1584.0,882.0,841.0,12050.0,0.0,709.0,1315.0,1272.0,2159.0,1779.0,1036.0,539.0,458.0,7243.0,0.0,460.0,690.0,1150.0,1227.0,2091.0,1394.0,731.0,415.0,368.0,6226.0,0.0,,,,,,,,,,,,,,,,,,,,,,,,,,,,,,,,,,,,,,,,,,,,225.0,,,,,,,,,8.0,194.0,0.0,,,,,,,,,,,,,,,,,,,,,,,,,,,,,,,,,,94013.0,35716.0,35495.0,31691.0,,,,,,,,,,,,,,,,,,
Kenya,KE,KEN,404,AFR,2013,,,,14478.0,,,,,,,34686.0,32153.0,4632.0,3847.0,0.0,,,89796.0,,,,,,,,,,,,,,,,,,,,,,,,,,,,,,,,,,,,,,,,,,,,,,,,,,,,,,,,,,,,,,,,0.0,,665.0,,,1544.0,2209.0,,,7614.0,13059.0,10306.0,5571.0,2776.0,2387.0,41713.0,,552.0,,,1622.0,2174.0,,,6425.0,9717.0,6052.0,3002.0,1641.0,1402.0,28239.0,,,,,,,,,36.0,316.0,69.0,,102.0,,,,,,,,,0.0,290.0,0.0,,,,,,,,0.0,,,,,,,,,,,,,,,,,,,,,,,,,,84699.0,31761.0,31510.0,27431.0,,,,,,,,,,,,,,,,,,
Kenya,KE,KEN,404,AFR,2014,,,,14640.0,,,,,,,34997.0,30872.0,3569.0,2947.0,1000.0,1269.0,0.0,88025.0,,,,,,,,,,,,,,,,,,,,,,,,,,,,,,,,,,,,,,,,,,,,,,,,,,,,,,,,,,,,,,,,1.0,,2112.0,,,2267.0,4379.0,,,8609.0,15691.0,12566.0,6983.0,3235.0,2726.0,49810.0,0.0,1802.0,,,2267.0,4069.0,,,6952.0,10483.0,6577.0,3506.0,1846.0,1672.0,31036.0,0.0,,,,,,,,0.0,7436.0,0.0,173.0,123.0,,,,,0.0,544.0,,,,,1.0,,,,,,,,0.0,,,,,,,,,,,,,,,,,,,,,,,,,,84423.0,30002.0,29735.0,26142.0,426102.0,877995.0,,,,,,,,,,,,,,,,
Kenya,KE,KEN,404,AFR,2015,,,,13690.0,,,,,,,36817.0,24234.0,2949.0,2884.0,718.0,226.0,0.0,81292.0,,,,,,,,,,,,,,,,,,,,,,,,,,,,,,,,,,,,,,,,,,,,,,,,,,,,,,,,,,,,,,,,0.0,,1709.0,,,1835.0,3544.0,,,7678.0,13358.0,10594.0,5832.0,2876.0,2305.0,42643.0,0.0,1477.0,,,1738.0,3215.0,,,5953.0,8231.0,5379.0,2803.0,1536.0,1437.0,25339.0,0.0,60.0,8220.0,,,,,,5718.0,1963.0,640.0,368.0,321.0,22.0,1.0,,,0.0,368.0,,,,,0.0,,,,,,,,1.0,1.0,,,0.0,,0.0,,147.0,,,,,,,,,,,79113.0,26288.0,25030.0,,,,,,,,,,,85392.0,258763.0,,,26261.0,171453.0,,,,,,,,,,
Kenya,KE,KEN,404,AFR,2016,,,,12672.0,,,,,,,40934.0,17730.0,3280.0,1199.0,520.0,1041.0,0.0,76335.0,,,,,,,,,,,,,,,,,,,,,,,,,,,,,,,,,,,,,,,,,,,,,,,,,,,,,,,,,,,,,,,,1.0,,1725.0,,,1754.0,3479.0,,,8079.0,13646.0,11217.0,6413.0,3010.0,2434.0,44799.0,0.0,1510.0,,,1682.0,3192.0,,,6032.0,7871.0,5283.0,2811.0,1504.0,1364.0,24865.0,0.0,60.0,19829.0,,,,,,18375.0,2509.0,0.0,308.0,154.0,204.0,9.0,,,0.0,308.0,,,,,0.0,,,,,,,,,,,,,,0.0,,,,,,,,,,,,1.0,73056.0,22911.0,21784.0,,,,,,,,,,,,,,,,,,,,,,,,,,
Kenya,KE,KEN,404,AFR,2017,,,,13011.0,,,,,,,44365.0,22182.0,2510.0,1189.0,342.0,1589.0,0.0,83599.0,,,,,,,,,,,,,,,,,,,,,,,,,,,,,,,,,,,,,,,,,,,,,,,,,,,,,,,,,,,,,,,,1.0,,2066.0,,,1912.0,3978.0,,,9059.0,14363.0,12202.0,6987.0,3585.0,3112.0,49308.0,0.0,1837.0,,,1833.0,3670.0,,,6443.0,7952.0,5795.0,3087.0,1740.0,1626.0,26643.0,0.0,60.0,39577.0,,,,,,36650.0,2927.0,21.0,390.0,191.0,198.0,1.0,,,4.0,390.0,,,,,1.0,,,,,,,,1.0,10.0,,,1.0,2.0,1.0,112.0,,,,,,,,,,,1.0,80357.0,22992.0,21763.0,,,,,,,,,,,,,136495.0,155377.0,8155.0,155377.0,,,,,,,,,,
Kenya,KE,KEN,404,AFR,2018,,,,13338.0,,,,,,,44090.0,31857.0,2949.0,1895.0,405.0,1944.0,0.0,94534.0,,,,,,,,,,,,,,,,,,,,,,,,,,,,,,,,,,,,,,,,,,,,,,,,,,,,,,,,,,,,,,,,1.0,,2949.0,,,2296.0,5245.0,,,9547.0,15290.0,13284.0,8302.0,4187.0,4109.0,54719.0,0.0,2606.0,,,2117.0,4723.0,,,6819.0,8436.0,6288.0,3640.0,2229.0,2435.0,29847.0,0.0,60.0,44573.0,,,,,,39908.0,4638.0,27.0,465.0,103.0,125.0,1.0,,,5.0,465.0,19.0,,,,1.0,,,,,,,,1.0,46.0,,,1.0,30.0,1.0,389.0,,,,,,,,,,465.0,1.0,92447.0,24950.0,24186.0,,,,,,,,,,,,,,,,,,,,,,,,,,
Kenya,KE,KEN,404,AFR,2019,,,,11724.0,,,,,,,43565.0,24351.0,2974.0,1425.0,306.0,2040.0,0.0,84345.0,,,,,,,,,,,,,,,,,,,,,,,,,,,,,,,,,,,,,,,,,,,,,,,,,,,,,,,,,,,,,,,,1.0,220.0,2595.0,814.0,1033.0,1847.0,4442.0,3203.0,5642.0,8845.0,13934.0,12604.0,7441.0,3690.0,3494.0,50008.0,0.0,2195.0,656.0,1006.0,1662.0,3857.0,2573.0,3478.0,6051.0,7490.0,5472.0,3195.0,1857.0,1973.0,26038.0,0.0,60.0,52805.0,,,,,,,,,507.0,129.0,,9.0,,,184.0,502.0,14.0,,,,9.0,,,,,,,,1.0,145.0,0.0,,,,1.0,395.0,,,,,,,,,,692.0,1.0,82905.0,21676.0,21100.0,,,,,,,,,,,124469.0,151815.0,,,6722.0,149524.0,,,,,,,,,,
Kenya,KE,KEN,404,AFR,2020,,,,9791.0,,,,,,,38402.0,18558.0,2980.0,1077.0,252.0,1599.0,0.0,71060.0,,,,,,,,,,,,,,,,,,,,,,,,,,,,,,,,,,,,,,,,,,,,,,,,,,,,,,,,,,,,,,,,1.0,220.0,1582.0,543.0,715.0,1258.0,2840.0,2352.0,4744.0,7096.0,12032.0,11359.0,6901.0,3558.0,3088.0,44034.0,0.0,1558.0,434.0,774.0,1208.0,2766.0,1856.0,3164.0,5020.0,6066.0,4738.0,2848.0,1667.0,1667.0,22006.0,0.0,60.0,50441.0,,,,,,,,,,,,,581.0,8.0,,,23.0,,,,,12.0,581.0,8.0,,,,,1.0,363.0,1.0,593.0,,,,,,0.0,,,,,,,,8.0,1.0,70446.0,17675.0,17158.0,1.0,5385.0,742.0,723.0,,,,,,,,,,,4143.0,124866.0,97082.0,124866.0,97082.0,124866.0,,,,,,
Kenya,KE,KEN,404,AFR,2021,,,,9606.0,,,,,,,39351.0,22629.0,2648.0,1525.0,251.0,1844.0,0.0,76010.0,,,,,,,,,,,,,,,,,,,,,,,,,,,,,,,,,,,,,,,,,,,,,,,,,,,,,,,,,,,,,,,,1.0,220.0,2435.0,666.0,785.0,1451.0,3886.0,2526.0,4621.0,7147.0,12259.0,11947.0,7493.0,3881.0,3373.0,46100.0,0.0,2177.0,538.0,825.0,1363.0,3540.0,2129.0,2990.0,5119.0,5939.0,4805.0,2935.0,1768.0,1918.0,22484.0,0.0,60.0,49233.0,,,,,,,,,,,,,465.0,8.0,,,16.0,,,,,16.0,465.0,8.0,,,,,1.0,363.0,1.0,465.0,,,,,,1.0,0.0,,,,,,,465.0,1.0,73830.0,17635.0,16996.0,1.0,7072.0,844.0,802.0,,,,,,,,,,,,,,,,,,,34389.0,108848.0,52099.0,109563.0
Kenya,KE,KEN,404,AFR,2022,,,,10379.0,,,,,,,42828.0,30168.0,3077.0,1974.0,264.0,2153.0,0.0,88690.0,,,,,,,,,,,,,,,,,,,,,,,,,,,,,,,,,,,,,,,,,,,,,,,,,,,,,,,,,,,,,,,,1.0,221.0,3239.0,,,2027.0,5266.0,,,8012.0,13379.0,13962.0,8774.0,4457.0,3860.0,52444.0,,2971.0,,,2011.0,4982.0,,,5368.0,6672.0,5763.0,3748.0,2161.0,2286.0,25998.0,,62.0,,26374.0,8464.0,2554.0,89599.0,62688.0,,,,,,,,327.0,11.0,,,,13.0,,,,12.0,331.0,11.0,0.0,,,0.0,,,1.0,319.0,,,,,,0.0,,,,,,,,115.0,1.0,85615.0,20167.0,19909.0,1.0,9226.0,985.0,955.0,,,,,,,,,,,5179.0,84520.0,,,,,90944.0,1297814.0,,,90700.0,122219.0
Kenya,KE,KEN,404,AFR,2023,,,,11806.0,,,,,,,43730.0,33400.0,3244.0,2087.0,386.0,2473.0,0.0,94653.0,,,,,,,,,,,,,,,,,,,,,,,,,,,,,,,,,,,,,,,,,,,,,,,,,,,,,,,,,,,,,,,,1.0,220.0,3987.0,1219.0,1355.0,2574.0,6561.0,3220.0,5229.0,8449.0,13222.0,13767.0,9269.0,4718.0,4192.0,53617.0,0.0,3794.0,1083.0,1342.0,2425.0,6219.0,2410.0,3390.0,5800.0,6924.0,6226.0,4364.0,2528.0,2414.0,28256.0,0.0,62.0,,34283.0,13730.0,3420.0,96644.0,96644.0,,,,,,,,380.0,8.0,,,,0.0,,,,0.0,372.0,8.0,0.0,0.0,,0.0,,,1.0,372.0,,,,,,1.0,8.0,,,,,,,380.0,1.0,92896.0,23789.0,23325.0,1.0,12138.0,1282.0,1261.0,,,,,,,,,,,4625.0,91018.0,,,,,121991.0,1338251.0,,,,
Kenya,KE,KEN,404,AFR,2024,,,,13901.0,,,,,,,44362.0,30301.0,4081.0,1736.0,452.0,2413.0,1106.0,94833.0,,,,,,,,,,,,,,,,,,,,,,,,,,,,,,,,,,,,,,,,,,,,,,,,,,,,,,,,,,,,,,,,1.0,220.0,4181.0,1049.0,1138.0,2187.0,6368.0,3071.0,5296.0,8367.0,12731.0,13591.0,9419.0,4809.0,4133.0,53050.0,0.0,4011.0,965.0,1142.0,2107.0,6118.0,2322.0,3358.0,5680.0,7178.0,6608.0,4547.0,2725.0,2559.0,29297.0,0.0,62.0,,40880.0,14293.0,4228.0,96863.0,96672.0,,,,,,,,383.0,7.0,,,,21.0,,,,0.0,451.0,7.0,0.0,1.0,3084.0,,,,,,,,,,,,,1.0,176.0,1.0,180.0,1.0,2.0,451.0,1.0,93088.0,23295.0,22618.0,1.0,11986.0,1064.0,1038.0,,,,,,,,,,,5315.0,72615.0,,,,,,,,,,
